Postcode,Latitude,Longitude,Side,Closest_Any,Distance_Any_km,Closest_L1,Distance_L1_km,Closest_L2,Distance_L2_km,Closest_L3,Distance_L3_km
CR33ED,51.304754,-0.15366,South,Epsom Hospital,8.59,Epsom Hospital,8.59,St Heliers Hospital,8.68,St. Georges Hospital,13.71
CR33EL,51.304731,-0.152227,South,Epsom Hospital,8.69,Epsom Hospital,8.69,St Heliers Hospital,8.7,St. Georges Hospital,13.72
CR33ET,51.302911,-0.150865,South,Epsom Hospital,8.84,Epsom Hospital,8.84,St Heliers Hospital,8.92,St. Georges Hospital,13.93
CR33QA,51.306574,-0.155022,South,Epsom Hospital,8.45,Epsom Hospital,8.45,St Heliers Hospital,8.46,St. Georges Hospital,13.49
CR53ED,51.305489,-0.153545,South,Epsom Hospital,8.58,Epsom Hospital,8.58,St Heliers Hospital,8.6,St. Georges Hospital,13.62
CR53ET,51.303182,-0.149807,South,Epsom Hospital,8.9,Epsom Hospital,8.9,St Heliers Hospital,8.91,St. Georges Hospital,13.91
CR53LY,51.304896,-0.152435,South,Epsom Hospital,8.67,Epsom Hospital,8.67,St Heliers Hospital,8.68,St. Georges Hospital,13.7
CR53NY,51.305324,-0.153336,South,Epsom Hospital,8.6,Epsom Hospital,8.6,St Heliers Hospital,8.62,St. Georges Hospital,13.64
CR53NZ,51.305359,-0.153277,South,Epsom Hospital,8.6,Epsom Hospital,8.6,St Heliers Hospital,8.62,St. Georges Hospital,13.64
KT173HL,51.337096,-0.227792,South,Epsom Hospital,3.35,Epsom Hospital,3.35,St Heliers Hospital,5.75,St. Georges Hospital,10.68
KT173HN,51.336805,-0.228191,South,Epsom Hospital,3.32,Epsom Hospital,3.32,St Heliers Hospital,5.79,St. Georges Hospital,10.72
KT187TR,51.337563,-0.305617,South,Epsom Hospital,2.64,Epsom Hospital,2.64,Kingston Hospital,8.77,St. Georges Hospital,13.49
KT187YP,51.34039,-0.310165,South,Epsom Hospital,3.07,Epsom Hospital,3.07,Kingston Hospital,8.53,St. Georges Hospital,13.48
KT199HN,51.361759,-0.288105,South,Epsom Hospital,4.13,Epsom Hospital,4.13,Kingston Hospital,5.94,St. Georges Hospital,10.72
KT199HW,51.361437,-0.286954,South,Epsom Hospital,4.08,Epsom Hospital,4.08,Kingston Hospital,5.97,St. Georges Hospital,10.69
KT199JA,51.360714,-0.286722,South,Epsom Hospital,3.99,Epsom Hospital,3.99,Kingston Hospital,6.05,St. Georges Hospital,10.73
KT220DP,51.327157,-0.327402,South,Epsom Hospital,3.81,Epsom Hospital,3.81,Kingston Hospital,10.28,St Peters Hospital,14.88
KT91AA,51.367473,-0.305663,South,Epsom Hospital,5.16,Epsom Hospital,5.16,Kingston Hospital,5.55,St. Georges Hospital,11.26
KT91AB,51.36739,-0.306154,South,Epsom Hospital,5.17,Epsom Hospital,5.17,Kingston Hospital,5.57,St. Georges Hospital,11.29
KT91AD,51.367346,-0.306214,South,Epsom Hospital,5.17,Epsom Hospital,5.17,Kingston Hospital,5.57,St. Georges Hospital,11.29
KT91AE,51.36841,-0.305786,South,Epsom Hospital,5.26,Epsom Hospital,5.26,Kingston Hospital,5.45,St. Georges Hospital,11.2
KT91AF,51.368138,-0.304374,South,Epsom Hospital,5.19,Epsom Hospital,5.19,Kingston Hospital,5.45,St. Georges Hospital,11.14
KT91AG,51.369115,-0.303519,South,Epsom Hospital,5.26,Epsom Hospital,5.26,Kingston Hospital,5.33,St. Georges Hospital,11.03
KT91AN,51.369443,-0.302602,South,Epsom Hospital,5.27,Epsom Hospital,5.27,Kingston Hospital,5.28,St. Georges Hospital,10.95
KT91AP,51.367413,-0.305823,South,Epsom Hospital,5.16,Epsom Hospital,5.16,Kingston Hospital,5.56,St. Georges Hospital,11.27
KT91AQ,51.368924,-0.304618,South,Epsom Hospital,5.28,Epsom Hospital,5.28,Kingston Hospital,5.37,St. Georges Hospital,11.1
KT91AR,51.367821,-0.303625,South,Epsom Hospital,5.14,Epsom Hospital,5.14,Kingston Hospital,5.47,St. Georges Hospital,11.12
KT91AS,51.367118,-0.303464,South,Epsom Hospital,5.06,Epsom Hospital,5.06,Kingston Hospital,5.54,St. Georges Hospital,11.16
KT91AT,51.366572,-0.304303,South,Epsom Hospital,5.03,Epsom Hospital,5.03,Kingston Hospital,5.62,St. Georges Hospital,11.24
KT91AU,51.365639,-0.302556,South,Epsom Hospital,4.88,Epsom Hospital,4.88,Kingston Hospital,5.68,St. Georges Hospital,11.21
KT91AW,51.367844,-0.303954,South,Epsom Hospital,5.15,Epsom Hospital,5.15,Kingston Hospital,5.47,St. Georges Hospital,11.14
KT91AX,51.364812,-0.300762,South,Epsom Hospital,4.75,Epsom Hospital,4.75,Kingston Hospital,5.74,St. Georges Hospital,11.16
KT91AY,51.365405,-0.303154,South,Epsom Hospital,4.88,Epsom Hospital,4.88,Kingston Hospital,5.72,St. Georges Hospital,11.25
KT91AZ,51.365092,-0.30328,South,Epsom Hospital,4.85,Epsom Hospital,4.85,Kingston Hospital,5.76,St. Georges Hospital,11.28
KT91BA,51.366309,-0.305965,South,Epsom Hospital,5.06,Epsom Hospital,5.06,Kingston Hospital,5.68,St. Georges Hospital,11.35
KT91BB,51.366788,-0.304941,South,Epsom Hospital,5.07,Epsom Hospital,5.07,Kingston Hospital,5.61,St. Georges Hospital,11.26
KT91BG,51.367473,-0.305663,South,Epsom Hospital,5.16,Epsom Hospital,5.16,Kingston Hospital,5.55,St. Georges Hospital,11.26
KT91BJ,51.367739,-0.301659,South,Epsom Hospital,5.07,Epsom Hospital,5.07,Kingston Hospital,5.44,St. Georges Hospital,11.01
KT91BL,51.367349,-0.300826,South,Epsom Hospital,5.01,Epsom Hospital,5.01,Kingston Hospital,5.47,St. Georges Hospital,10.99
KT91BN,51.366423,-0.300817,South,Epsom Hospital,4.91,Epsom Hospital,4.91,Kingston Hospital,5.57,St. Georges Hospital,11.06
KT91BP,51.367354,-0.30301,South,Epsom Hospital,5.07,Epsom Hospital,5.07,Kingston Hospital,5.51,St. Georges Hospital,11.12
KT91BQ,51.367413,-0.305823,South,Epsom Hospital,5.16,Epsom Hospital,5.16,Kingston Hospital,5.56,St. Georges Hospital,11.27
KT91BS,51.367576,-0.302183,South,Epsom Hospital,5.07,Epsom Hospital,5.07,Kingston Hospital,5.47,St. Georges Hospital,11.05
KT91BT,51.368562,-0.301327,South,Epsom Hospital,5.15,Epsom Hospital,5.15,Kingston Hospital,5.35,St. Georges Hospital,10.94
KT91BU,51.368828,-0.298602,South,Epsom Hospital,5.1,Epsom Hospital,5.1,Kingston Hospital,5.27,St. Georges Hospital,10.77
KT91BW,51.366372,-0.301624,South,Epsom Hospital,4.93,Epsom Hospital,4.93,Kingston Hospital,5.59,St. Georges Hospital,11.1
KT91BX,51.36756,-0.298017,South,Epsom Hospital,4.96,Epsom Hospital,4.96,Kingston Hospital,5.4,St. Georges Hospital,10.83
KT91BY,51.367393,-0.297664,South,Epsom Hospital,4.93,Epsom Hospital,4.93,Kingston Hospital,5.41,St. Georges Hospital,10.82
KT91BZ,51.366767,-0.299124,South,Epsom Hospital,4.9,Epsom Hospital,4.9,Kingston Hospital,5.5,St. Georges Hospital,10.94
KT91DA,51.366832,-0.299854,South,Epsom Hospital,4.93,Epsom Hospital,4.93,Kingston Hospital,5.51,St. Georges Hospital,10.98
KT91DB,51.368322,-0.300302,South,Epsom Hospital,5.09,Epsom Hospital,5.09,Kingston Hospital,5.36,St. Georges Hospital,10.9
KT91DD,51.369375,-0.299746,South,Epsom Hospital,5.19,Epsom Hospital,5.19,Kingston Hospital,5.23,St. Georges Hospital,10.8
KT91DE,51.368953,-0.297348,South,Epsom Hospital,5.09,Epsom Hospital,5.09,Kingston Hospital,5.24,St. Georges Hospital,10.69
KT91DF,51.369595,-0.298186,South,Epsom Hospital,5.17,Epsom Hospital,5.17,Kingston Hospital,5.18,St. Georges Hospital,10.7
KT91DG,51.368815,-0.288489,South,Epsom Hospital,4.9,Epsom Hospital,4.9,Kingston Hospital,5.16,St. Georges Hospital,10.22
KT91DH,51.369287,-0.292451,South,Epsom Hospital,5.02,Epsom Hospital,5.02,Kingston Hospital,5.14,St. Georges Hospital,10.4
KT91DJ,51.368536,-0.295883,South,Epsom Hospital,5.01,Epsom Hospital,5.01,Kingston Hospital,5.26,St. Georges Hospital,10.64
KT91DL,51.369026,-0.300491,South,Epsom Hospital,5.17,Epsom Hospital,5.17,Kingston Hospital,5.28,St. Georges Hospital,10.86
KT91DN,51.369429,-0.290506,South,Epsom Hospital,5.0,Epsom Hospital,5.0,Kingston Hospital,5.11,St. Georges Hospital,10.29
KT91EH,51.369293,-0.305898,South,Epsom Hospital,5.35,Epsom Hospital,5.35,Kingston Hospital,5.36,St. Georges Hospital,11.15
KT91EJ,51.367919,-0.306034,South,Epsom Hospital,5.22,Epsom Hospital,5.22,Kingston Hospital,5.51,St. Georges Hospital,11.25
KT91EL,51.366935,-0.306358,South,Epsom Hospital,5.13,Epsom Hospital,5.13,Kingston Hospital,5.62,St. Georges Hospital,11.33
KT91EN,51.366479,-0.306562,South,Epsom Hospital,5.09,Epsom Hospital,5.09,Kingston Hospital,5.67,St. Georges Hospital,11.37
KT91ES,51.367473,-0.305663,South,Epsom Hospital,5.16,Epsom Hospital,5.16,Kingston Hospital,5.55,St. Georges Hospital,11.26
KT91EU,51.36835,-0.288017,South,Epsom Hospital,4.84,Epsom Hospital,4.84,Kingston Hospital,5.21,St. Georges Hospital,10.23
KT91EW,51.366559,-0.30653,South,Epsom Hospital,5.1,Epsom Hospital,5.1,Kingston Hospital,5.66,St. Georges Hospital,11.36
KT91GX,51.367413,-0.305823,South,Epsom Hospital,5.16,Epsom Hospital,5.16,Kingston Hospital,5.56,St. Georges Hospital,11.27
KT91HP,51.367413,-0.305823,South,Epsom Hospital,5.16,Epsom Hospital,5.16,Kingston Hospital,5.56,St. Georges Hospital,11.27
KT91HS,51.369639,-0.286418,South,Epsom Hospital,4.96,Epsom Hospital,4.96,Kingston Hospital,5.06,St. Georges Hospital,10.05
KT91HT,51.365755,-0.299434,South,Epsom Hospital,4.81,Epsom Hospital,4.81,Kingston Hospital,5.62,St. Georges Hospital,11.03
KT91HU,51.364756,-0.297474,South,Epsom Hospital,4.65,Epsom Hospital,4.65,Kingston Hospital,5.7,St. Georges Hospital,10.99
KT91HX,51.364251,-0.297407,South,Epsom Hospital,4.6,Epsom Hospital,4.6,Kingston Hospital,5.75,St. Georges Hospital,11.02
KT91HY,51.368143,-0.292335,South,Epsom Hospital,4.89,Epsom Hospital,4.89,Kingston Hospital,5.27,St. Georges Hospital,10.48
KT91HZ,51.363592,-0.297819,South,Epsom Hospital,4.54,Epsom Hospital,4.54,Kingston Hospital,5.83,St. Georges Hospital,11.09
KT91JA,51.366225,-0.293412,South,Epsom Hospital,4.71,Epsom Hospital,4.71,Kingston Hospital,5.49,St. Georges Hospital,10.67
KT91JB,51.366225,-0.293412,South,Epsom Hospital,4.71,Epsom Hospital,4.71,Kingston Hospital,5.49,St. Georges Hospital,10.67
KT91JD,51.366225,-0.293412,South,Epsom Hospital,4.71,Epsom Hospital,4.71,Kingston Hospital,5.49,St. Georges Hospital,10.67
KT91JE,51.365374,-0.296705,South,Epsom Hospital,4.7,Epsom Hospital,4.7,Kingston Hospital,5.62,St. Georges Hospital,10.91
KT91JF,51.365472,-0.297276,South,Epsom Hospital,4.72,Epsom Hospital,4.72,Kingston Hospital,5.62,St. Georges Hospital,10.93
KT91JG,51.364633,-0.295252,South,Epsom Hospital,4.59,Epsom Hospital,4.59,Kingston Hospital,5.68,St. Georges Hospital,10.88
KT91JH,51.366351,-0.294657,South,Epsom Hospital,4.75,Epsom Hospital,4.75,Kingston Hospital,5.49,St. Georges Hospital,10.73
KT91JJ,51.366844,-0.29326,South,Epsom Hospital,4.77,Epsom Hospital,4.77,Kingston Hospital,5.42,St. Georges Hospital,10.62
KT91JL,51.366392,-0.291897,South,Epsom Hospital,4.7,Epsom Hospital,4.7,Kingston Hospital,5.45,St. Georges Hospital,10.58
KT91JN,51.366182,-0.293514,South,Epsom Hospital,4.71,Epsom Hospital,4.71,Kingston Hospital,5.49,St. Georges Hospital,10.68
KT91JP,51.365038,-0.293384,South,Epsom Hospital,4.59,Epsom Hospital,4.59,Kingston Hospital,5.62,St. Georges Hospital,10.75
KT91JQ,51.365007,-0.295569,South,Epsom Hospital,4.63,Epsom Hospital,4.63,Kingston Hospital,5.65,St. Georges Hospital,10.87
KT91JR,51.365312,-0.293101,South,Epsom Hospital,4.61,Epsom Hospital,4.61,Kingston Hospital,5.59,St. Georges Hospital,10.72
KT91JS,51.364564,-0.291132,South,Epsom Hospital,4.49,Epsom Hospital,4.49,Kingston Hospital,5.65,St. Georges Hospital,10.67
KT91JT,51.36476,-0.290335,South,Epsom Hospital,4.49,Epsom Hospital,4.49,Kingston Hospital,5.62,St. Georges Hospital,10.61
KT91JU,51.365663,-0.290646,South,Epsom Hospital,4.6,Epsom Hospital,4.6,Kingston Hospital,5.52,St. Georges Hospital,10.56
KT91JW,51.366246,-0.294848,South,Epsom Hospital,4.74,Epsom Hospital,4.74,Kingston Hospital,5.5,St. Georges Hospital,10.74
KT91JX,51.366807,-0.28954,South,Epsom Hospital,4.7,Epsom Hospital,4.7,Kingston Hospital,5.39,St. Georges Hospital,10.42
KT91JY,51.36577,-0.291159,South,Epsom Hospital,4.62,Epsom Hospital,4.62,Kingston Hospital,5.52,St. Georges Hospital,10.58
KT91JZ,51.367011,-0.289935,South,Epsom Hospital,4.73,Epsom Hospital,4.73,Kingston Hospital,5.37,St. Georges Hospital,10.43
KT91LA,51.364365,-0.289172,South,Epsom Hospital,4.43,Epsom Hospital,4.43,Kingston Hospital,5.66,St. Georges Hospital,10.58
KT91LB,51.368002,-0.291909,South,Epsom Hospital,4.87,Epsom Hospital,4.87,Kingston Hospital,5.28,St. Georges Hospital,10.46
KT91LD,51.367981,-0.290474,South,Epsom Hospital,4.84,Epsom Hospital,4.84,Kingston Hospital,5.27,St. Georges Hospital,10.39
KT91LE,51.368002,-0.291909,South,Epsom Hospital,4.87,Epsom Hospital,4.87,Kingston Hospital,5.28,St. Georges Hospital,10.46
KT91LF,51.367981,-0.290474,South,Epsom Hospital,4.84,Epsom Hospital,4.84,Kingston Hospital,5.27,St. Georges Hospital,10.39
KT91LG,51.367061,-0.289071,South,Epsom Hospital,4.72,Epsom Hospital,4.72,Kingston Hospital,5.36,St. Georges Hospital,10.38
KT91LH,51.368815,-0.288489,South,Epsom Hospital,4.9,Epsom Hospital,4.9,Kingston Hospital,5.16,St. Georges Hospital,10.22
KT91LJ,51.367082,-0.290507,South,Epsom Hospital,4.75,Epsom Hospital,4.75,Kingston Hospital,5.37,St. Georges Hospital,10.45
KT91LL,51.369561,-0.287211,South,Epsom Hospital,4.96,Epsom Hospital,4.96,Kingston Hospital,5.07,St. Georges Hospital,10.1
KT91LN,51.367061,-0.289071,South,Epsom Hospital,4.72,Epsom Hospital,4.72,Kingston Hospital,5.36,St. Georges Hospital,10.38
KT91LP,51.367981,-0.290474,South,Epsom Hospital,4.84,Epsom Hospital,4.84,Kingston Hospital,5.27,St. Georges Hospital,10.39
KT91LQ,51.365833,-0.286244,South,Epsom Hospital,4.54,Epsom Hospital,4.54,Kingston Hospital,5.48,St. Georges Hospital,10.32
KT91LR,51.36796,-0.289038,South,Epsom Hospital,4.81,Epsom Hospital,4.81,Kingston Hospital,5.26,St. Georges Hospital,10.31
KT91LS,51.367981,-0.290474,South,Epsom Hospital,4.84,Epsom Hospital,4.84,Kingston Hospital,5.27,St. Georges Hospital,10.39
KT91LT,51.36796,-0.289038,South,Epsom Hospital,4.81,Epsom Hospital,4.81,Kingston Hospital,5.26,St. Georges Hospital,10.31
KT91LU,51.365581,-0.288092,South,Epsom Hospital,4.54,Epsom Hospital,4.54,Kingston Hospital,5.52,St. Georges Hospital,10.43
KT91LW,51.365347,-0.286219,South,Epsom Hospital,4.49,Epsom Hospital,4.49,Kingston Hospital,5.53,St. Georges Hospital,10.35
KT91LX,51.366467,-0.287197,South,Epsom Hospital,4.62,Epsom Hospital,4.62,Kingston Hospital,5.41,St. Georges Hospital,10.32
KT91LY,51.363601,-0.308406,South,Epsom Hospital,4.87,Epsom Hospital,4.87,Kingston Hospital,6.02,St. Georges Hospital,11.67
KT91LZ,51.364657,-0.309272,South,Epsom Hospital,5.01,Epsom Hospital,5.01,Kingston Hospital,5.92,St. Georges Hospital,11.64
KT91NA,51.364716,-0.308379,South,Epsom Hospital,4.98,Epsom Hospital,4.98,Kingston Hospital,5.9,St. Georges Hospital,11.59
KT91NB,51.365823,-0.308467,South,Epsom Hospital,5.09,Epsom Hospital,5.09,Kingston Hospital,5.78,St. Georges Hospital,11.52
KT91ND,51.367037,-0.308495,South,Epsom Hospital,5.21,Epsom Hospital,5.21,Kingston Hospital,5.66,St. Georges Hospital,11.44
KT91NE,51.367497,-0.308578,South,Epsom Hospital,5.26,Epsom Hospital,5.26,Kingston Hospital,5.61,St. Georges Hospital,11.42
KT91NF,51.366651,-0.308509,South,Epsom Hospital,5.17,Epsom Hospital,5.17,Kingston Hospital,5.7,St. Georges Hospital,11.47
KT91NG,51.367904,-0.308118,South,Epsom Hospital,5.28,Epsom Hospital,5.28,Kingston Hospital,5.56,St. Georges Hospital,11.37
KT91NH,51.367867,-0.309901,South,Epsom Hospital,5.34,Epsom Hospital,5.34,Kingston Hospital,5.6,St. Georges Hospital,11.47
KT91NJ,51.368198,-0.311627,South,Epsom Hospital,5.43,Epsom Hospital,5.43,Kingston Hospital,5.61,St. Georges Hospital,11.55
KT91NL,51.367146,-0.311048,South,Epsom Hospital,5.31,Epsom Hospital,5.31,Kingston Hospital,5.71,St. Georges Hospital,11.58
KT91NP,51.367201,-0.288204,South,Epsom Hospital,4.72,Epsom Hospital,4.72,Kingston Hospital,5.34,St. Georges Hospital,10.32
KT91NQ,51.367736,-0.310782,South,Epsom Hospital,5.35,Epsom Hospital,5.35,Kingston Hospital,5.64,St. Georges Hospital,11.53
KT91NS,51.367603,-0.312166,South,Epsom Hospital,5.39,Epsom Hospital,5.39,Kingston Hospital,5.69,St. Georges Hospital,11.61
KT91NU,51.367082,-0.307186,South,Epsom Hospital,5.17,Epsom Hospital,5.17,Kingston Hospital,5.62,St. Georges Hospital,11.37
KT91NW,51.368589,-0.313796,South,Epsom Hospital,5.54,Epsom Hospital,5.54,Kingston Hospital,5.63,St. Georges Hospital,11.64
KT91NX,51.367245,-0.307295,South,Epsom Hospital,5.19,Epsom Hospital,5.19,Kingston Hospital,5.61,St. Georges Hospital,11.36
KT91NY,51.367858,-0.306784,South,Epsom Hospital,5.23,Epsom Hospital,5.23,Kingston Hospital,5.53,St. Georges Hospital,11.29
KT91PA,51.367709,-0.307033,South,Epsom Hospital,5.23,Epsom Hospital,5.23,Kingston Hospital,5.55,St. Georges Hospital,11.32
KT91PB,51.368732,-0.307484,South,Epsom Hospital,5.34,Epsom Hospital,5.34,Kingston Hospital,5.46,St. Georges Hospital,11.28
KT91PD,51.368453,-0.308155,South,Epsom Hospital,5.34,Epsom Hospital,5.34,Kingston Hospital,5.5,St. Georges Hospital,11.33
KT91PE,51.368153,-0.307304,South,Epsom Hospital,5.28,Epsom Hospital,5.28,Kingston Hospital,5.51,St. Georges Hospital,11.3
KT91PT,51.368252,-0.310375,South,Epsom Hospital,5.39,Epsom Hospital,5.39,Kingston Hospital,5.58,St. Georges Hospital,11.47
KT91PU,51.36871,-0.31099,South,Epsom Hospital,5.46,Epsom Hospital,5.46,Kingston Hospital,5.54,St. Georges Hospital,11.48
KT91PX,51.36915,-0.310902,South,Epsom Hospital,5.5,Epsom Hospital,5.5,Kingston Hospital,5.5,St. Georges Hospital,11.44
KT91QA,51.367306,-0.28797,South,Epsom Hospital,4.73,Epsom Hospital,4.73,Kingston Hospital,5.32,St. Georges Hospital,10.3
KT91QB,51.367134,-0.287316,South,Epsom Hospital,4.7,Epsom Hospital,4.7,Kingston Hospital,5.34,St. Georges Hospital,10.28
KT91QD,51.366784,-0.287358,South,Epsom Hospital,4.66,Epsom Hospital,4.66,Kingston Hospital,5.38,St. Georges Hospital,10.31
KT91QE,51.364801,-0.299383,South,Epsom Hospital,4.71,Epsom Hospital,4.71,Kingston Hospital,5.72,St. Georges Hospital,11.09
KT91QF,51.364223,-0.298586,South,Epsom Hospital,4.63,Epsom Hospital,4.63,Kingston Hospital,5.77,St. Georges Hospital,11.09
KT91QG,51.363612,-0.299255,South,Epsom Hospital,4.58,Epsom Hospital,4.58,Kingston Hospital,5.85,St. Georges Hospital,11.17
KT91QJ,51.364312,-0.298496,South,Epsom Hospital,4.63,Epsom Hospital,4.63,Kingston Hospital,5.76,St. Georges Hospital,11.08
KT91QL,51.363932,-0.299602,South,Epsom Hospital,4.63,Epsom Hospital,4.63,Kingston Hospital,5.82,St. Georges Hospital,11.16
KT91QN,51.364766,-0.298796,South,Epsom Hospital,4.69,Epsom Hospital,4.69,Kingston Hospital,5.72,St. Georges Hospital,11.06
KT91QP,51.364636,-0.307836,South,Epsom Hospital,4.95,Epsom Hospital,4.95,Kingston Hospital,5.9,St. Georges Hospital,11.56
KT91QQ,51.363886,-0.298929,South,Epsom Hospital,4.6,Epsom Hospital,4.6,Kingston Hospital,5.81,St. Georges Hospital,11.13
KT91QR,51.364903,-0.307051,South,Epsom Hospital,4.95,Epsom Hospital,4.95,Kingston Hospital,5.85,St. Georges Hospital,11.5
KT91QS,51.364238,-0.30459,South,Epsom Hospital,4.81,Epsom Hospital,4.81,Kingston Hospital,5.87,St. Georges Hospital,11.41
KT91QT,51.363866,-0.304963,South,Epsom Hospital,4.78,Epsom Hospital,4.78,Kingston Hospital,5.92,St. Georges Hospital,11.46
KT91QU,51.365289,-0.305083,South,Epsom Hospital,4.93,Epsom Hospital,4.93,Kingston Hospital,5.77,St. Georges Hospital,11.37
KT91QW,51.364138,-0.307596,South,Epsom Hospital,4.9,Epsom Hospital,4.9,Kingston Hospital,5.94,St. Georges Hospital,11.58
KT91QX,51.365162,-0.305633,South,Epsom Hospital,4.93,Epsom Hospital,4.93,Kingston Hospital,5.79,St. Georges Hospital,11.41
KT91QY,51.364632,-0.305078,South,Epsom Hospital,4.86,Epsom Hospital,4.86,Kingston Hospital,5.84,St. Georges Hospital,11.41
KT91SB,51.369571,-0.287886,South,Epsom Hospital,4.97,Epsom Hospital,4.97,Kingston Hospital,5.07,St. Georges Hospital,10.14
KT91SD,51.369373,-0.296528,South,Epsom Hospital,5.11,Epsom Hospital,5.11,Kingston Hospital,5.18,St. Georges Hospital,10.62
KT91SF,51.368906,-0.289778,South,Epsom Hospital,4.93,Epsom Hospital,4.93,Kingston Hospital,5.16,St. Georges Hospital,10.29
KT91SG,51.368652,-0.289026,South,Epsom Hospital,4.89,Epsom Hospital,4.89,Kingston Hospital,5.18,St. Georges Hospital,10.26
KT91SH,51.368943,-0.294748,South,Epsom Hospital,5.03,Epsom Hospital,5.03,Kingston Hospital,5.21,St. Georges Hospital,10.55
KT91SJ,51.368252,-0.291153,South,Epsom Hospital,4.88,Epsom Hospital,4.88,Kingston Hospital,5.24,St. Georges Hospital,10.41
KT91SL,51.368838,-0.289407,South,Epsom Hospital,4.92,Epsom Hospital,4.92,Kingston Hospital,5.16,St. Georges Hospital,10.27
KT91SN,51.369656,-0.292466,South,Epsom Hospital,5.06,Epsom Hospital,5.06,Kingston Hospital,5.1,St. Georges Hospital,10.38
KT91SP,51.368922,-0.293312,South,Epsom Hospital,5.0,Epsom Hospital,5.0,Kingston Hospital,5.19,St. Georges Hospital,10.48
KT91SQ,51.368901,-0.291876,South,Epsom Hospital,4.97,Epsom Hospital,4.97,Kingston Hospital,5.18,St. Georges Hospital,10.4
KT91SR,51.368922,-0.293312,South,Epsom Hospital,5.0,Epsom Hospital,5.0,Kingston Hospital,5.19,St. Georges Hospital,10.48
KT91SS,51.368023,-0.293345,South,Epsom Hospital,4.9,Epsom Hospital,4.9,Kingston Hospital,5.29,St. Georges Hospital,10.54
KT91ST,51.368082,-0.286921,South,Epsom Hospital,4.79,Epsom Hospital,4.79,Kingston Hospital,5.23,St. Georges Hospital,10.19
KT91SU,51.367413,-0.305823,South,Epsom Hospital,5.16,Epsom Hospital,5.16,Kingston Hospital,5.56,St. Georges Hospital,11.27
KT91SW,51.369843,-0.291123,South,Epsom Hospital,5.05,Epsom Hospital,5.05,Kingston Hospital,5.07,St. Georges Hospital,10.29
KT91SX,51.368859,-0.289004,South,Epsom Hospital,4.91,Epsom Hospital,4.91,Kingston Hospital,5.16,St. Georges Hospital,10.25
KT91SY,51.36888,-0.29044,South,Epsom Hospital,4.94,Epsom Hospital,4.94,Kingston Hospital,5.17,St. Georges Hospital,10.32
KT91SZ,51.369252,-0.289421,South,Epsom Hospital,4.96,Epsom Hospital,4.96,Kingston Hospital,5.12,St. Georges Hospital,10.24
KT91TE,51.369758,-0.288971,South,Epsom Hospital,5.01,Epsom Hospital,5.01,Kingston Hospital,5.06,St. Georges Hospital,10.18
KT91TF,51.367473,-0.305663,South,Epsom Hospital,5.16,Epsom Hospital,5.16,Kingston Hospital,5.55,St. Georges Hospital,11.26
KT91TH,51.369234,-0.286375,South,Epsom Hospital,4.91,Epsom Hospital,4.91,Kingston Hospital,5.1,St. Georges Hospital,10.08
KT91TJ,51.368072,-0.293042,South,Epsom Hospital,4.9,Epsom Hospital,4.9,Kingston Hospital,5.28,St. Georges Hospital,10.52
KT91TL,51.368341,-0.288018,South,Epsom Hospital,4.84,Epsom Hospital,4.84,Kingston Hospital,5.21,St. Georges Hospital,10.23
KT91TN,51.36924,-0.28616,South,Epsom Hospital,4.91,Epsom Hospital,4.91,Kingston Hospital,5.1,St. Georges Hospital,10.07
KT91TR,51.369949,-0.285444,South,Epsom Hospital,4.98,Epsom Hospital,4.98,Kingston Hospital,5.02,St. Georges Hospital,9.98
KT91TT,51.370006,-0.288157,South,Epsom Hospital,5.02,Epsom Hospital,5.02,Kingston Hospital,5.03,St. Georges Hospital,10.12
KT91TW,51.368347,-0.289641,South,Epsom Hospital,4.87,Epsom Hospital,4.87,Kingston Hospital,5.22,St. Georges Hospital,10.32
KT91TX,51.367812,-0.294316,South,Epsom Hospital,4.9,Epsom Hospital,4.9,Kingston Hospital,5.32,St. Georges Hospital,10.61
KT91TY,51.369953,-0.286966,South,Epsom Hospital,5.0,Epsom Hospital,5.0,Kingston Hospital,5.02,St. Georges Hospital,10.06
KT91TZ,51.36888,-0.29044,South,Epsom Hospital,4.94,Epsom Hospital,4.94,Kingston Hospital,5.17,St. Georges Hospital,10.32
KT91WB,51.368322,-0.300302,South,Epsom Hospital,5.09,Epsom Hospital,5.09,Kingston Hospital,5.36,St. Georges Hospital,10.9
KT91WF,51.368327,-0.300632,South,Epsom Hospital,5.1,Epsom Hospital,5.1,Kingston Hospital,5.36,St. Georges Hospital,10.92
KT91WG,51.367413,-0.305823,South,Epsom Hospital,5.16,Epsom Hospital,5.16,Kingston Hospital,5.56,St. Georges Hospital,11.27
KT91WH,51.367413,-0.305823,South,Epsom Hospital,5.16,Epsom Hospital,5.16,Kingston Hospital,5.56,St. Georges Hospital,11.27
KT91WJ,51.367413,-0.305823,South,Epsom Hospital,5.16,Epsom Hospital,5.16,Kingston Hospital,5.56,St. Georges Hospital,11.27
KT91WL,51.367413,-0.305823,South,Epsom Hospital,5.16,Epsom Hospital,5.16,Kingston Hospital,5.56,St. Georges Hospital,11.27
KT91WN,51.367413,-0.305823,South,Epsom Hospital,5.16,Epsom Hospital,5.16,Kingston Hospital,5.56,St. Georges Hospital,11.27
KT91WP,51.367413,-0.305823,South,Epsom Hospital,5.16,Epsom Hospital,5.16,Kingston Hospital,5.56,St. Georges Hospital,11.27
KT91WQ,51.367413,-0.305823,South,Epsom Hospital,5.16,Epsom Hospital,5.16,Kingston Hospital,5.56,St. Georges Hospital,11.27
KT91WR,51.367413,-0.305823,South,Epsom Hospital,5.16,Epsom Hospital,5.16,Kingston Hospital,5.56,St. Georges Hospital,11.27
KT91WS,51.367413,-0.305823,South,Epsom Hospital,5.16,Epsom Hospital,5.16,Kingston Hospital,5.56,St. Georges Hospital,11.27
KT91WT,51.367413,-0.305823,South,Epsom Hospital,5.16,Epsom Hospital,5.16,Kingston Hospital,5.56,St. Georges Hospital,11.27
KT91WY,51.367413,-0.305823,South,Epsom Hospital,5.16,Epsom Hospital,5.16,Kingston Hospital,5.56,St. Georges Hospital,11.27
KT91XA,51.365335,-0.289078,South,Epsom Hospital,4.53,Epsom Hospital,4.53,Kingston Hospital,5.55,St. Georges Hospital,10.5
KT91XB,51.365802,-0.288443,South,Epsom Hospital,4.57,Epsom Hospital,4.57,Kingston Hospital,5.49,St. Georges Hospital,10.44
KT91XD,51.366649,-0.287908,South,Epsom Hospital,4.65,Epsom Hospital,4.65,Kingston Hospital,5.4,St. Georges Hospital,10.35
KT91XE,51.36527,-0.289569,South,Epsom Hospital,4.53,Epsom Hospital,4.53,Kingston Hospital,5.56,St. Georges Hospital,10.53
KT91XF,51.365792,-0.289003,South,Epsom Hospital,4.58,Epsom Hospital,4.58,Kingston Hospital,5.5,St. Georges Hospital,10.47
KT91XG,51.366188,-0.2884,South,Epsom Hospital,4.61,Epsom Hospital,4.61,Kingston Hospital,5.45,St. Georges Hospital,10.41
KT91XH,51.365243,-0.287702,South,Epsom Hospital,4.5,Epsom Hospital,4.5,Kingston Hospital,5.55,St. Georges Hospital,10.44
KT91XL,51.367413,-0.305823,South,Epsom Hospital,5.16,Epsom Hospital,5.16,Kingston Hospital,5.56,St. Georges Hospital,11.27
KT91XP,51.367413,-0.305823,South,Epsom Hospital,5.16,Epsom Hospital,5.16,Kingston Hospital,5.56,St. Georges Hospital,11.27
KT91XQ,51.365028,-0.286575,South,Epsom Hospital,4.46,Epsom Hospital,4.46,Kingston Hospital,5.57,St. Georges Hospital,10.4
KT91XR,51.367473,-0.305663,South,Epsom Hospital,5.16,Epsom Hospital,5.16,Kingston Hospital,5.55,St. Georges Hospital,11.26
KT91XT,51.367473,-0.305663,South,Epsom Hospital,5.16,Epsom Hospital,5.16,Kingston Hospital,5.55,St. Georges Hospital,11.26
KT91XZ,51.365037,-0.286575,South,Epsom Hospital,4.46,Epsom Hospital,4.46,Kingston Hospital,5.57,St. Georges Hospital,10.4
KT91YA,51.367413,-0.305823,South,Epsom Hospital,5.16,Epsom Hospital,5.16,Kingston Hospital,5.56,St. Georges Hospital,11.27
KT91YB,51.367413,-0.305823,South,Epsom Hospital,5.16,Epsom Hospital,5.16,Kingston Hospital,5.56,St. Georges Hospital,11.27
KT91YD,51.368327,-0.300632,South,Epsom Hospital,5.1,Epsom Hospital,5.1,Kingston Hospital,5.36,St. Georges Hospital,10.92
KT91YE,51.367413,-0.305823,South,Epsom Hospital,5.16,Epsom Hospital,5.16,Kingston Hospital,5.56,St. Georges Hospital,11.27
KT91YF,51.367413,-0.305823,South,Epsom Hospital,5.16,Epsom Hospital,5.16,Kingston Hospital,5.56,St. Georges Hospital,11.27
KT91YG,51.368327,-0.300632,South,Epsom Hospital,5.1,Epsom Hospital,5.1,Kingston Hospital,5.36,St. Georges Hospital,10.92
KT91YH,51.367413,-0.305823,South,Epsom Hospital,5.16,Epsom Hospital,5.16,Kingston Hospital,5.56,St. Georges Hospital,11.27
KT91YJ,51.368325,-0.300503,South,Epsom Hospital,5.1,Epsom Hospital,5.1,Kingston Hospital,5.36,St. Georges Hospital,10.91
KT91YL,51.367413,-0.305823,South,Epsom Hospital,5.16,Epsom Hospital,5.16,Kingston Hospital,5.56,St. Georges Hospital,11.27
KT91YN,51.368327,-0.300632,South,Epsom Hospital,5.1,Epsom Hospital,5.1,Kingston Hospital,5.36,St. Georges Hospital,10.92
KT91YP,51.368325,-0.300503,South,Epsom Hospital,5.1,Epsom Hospital,5.1,Kingston Hospital,5.36,St. Georges Hospital,10.91
KT91YQ,51.367473,-0.305663,South,Epsom Hospital,5.16,Epsom Hospital,5.16,Kingston Hospital,5.55,St. Georges Hospital,11.26
KT91YR,51.367413,-0.305823,South,Epsom Hospital,5.16,Epsom Hospital,5.16,Kingston Hospital,5.56,St. Georges Hospital,11.27
KT91YS,51.367413,-0.305823,South,Epsom Hospital,5.16,Epsom Hospital,5.16,Kingston Hospital,5.56,St. Georges Hospital,11.27
KT91YT,51.367413,-0.305823,South,Epsom Hospital,5.16,Epsom Hospital,5.16,Kingston Hospital,5.56,St. Georges Hospital,11.27
KT91YU,51.367413,-0.305823,South,Epsom Hospital,5.16,Epsom Hospital,5.16,Kingston Hospital,5.56,St. Georges Hospital,11.27
KT91YW,51.367413,-0.305823,South,Epsom Hospital,5.16,Epsom Hospital,5.16,Kingston Hospital,5.56,St. Georges Hospital,11.27
KT91YY,51.367413,-0.305823,South,Epsom Hospital,5.16,Epsom Hospital,5.16,Kingston Hospital,5.56,St. Georges Hospital,11.27
KT91YZ,51.367413,-0.305823,South,Epsom Hospital,5.16,Epsom Hospital,5.16,Kingston Hospital,5.56,St. Georges Hospital,11.27
KT91ZA,51.367413,-0.305823,South,Epsom Hospital,5.16,Epsom Hospital,5.16,Kingston Hospital,5.56,St. Georges Hospital,11.27
KT92AA,51.363843,-0.29531,South,Epsom Hospital,4.5,Epsom Hospital,4.5,Kingston Hospital,5.77,St. Georges Hospital,10.94
KT92AB,51.363225,-0.293035,South,Epsom Hospital,4.39,Epsom Hospital,4.39,Kingston Hospital,5.81,St. Georges Hospital,10.87
KT92AD,51.361343,-0.292214,South,Epsom Hospital,4.17,Epsom Hospital,4.17,Kingston Hospital,6.01,St. Georges Hospital,10.96
KT92AE,51.359989,-0.29373,South,Epsom Hospital,4.06,Epsom Hospital,4.06,Kingston Hospital,6.18,St. Georges Hospital,11.14
KT92AF,51.361928,-0.291675,South,Epsom Hospital,4.22,Epsom Hospital,4.22,Kingston Hospital,5.95,St. Georges Hospital,10.89
KT92AG,51.358991,-0.293738,South,Epsom Hospital,3.96,Epsom Hospital,3.96,Kingston Hospital,6.29,St. Georges Hospital,11.22
KT92AH,51.360057,-0.292851,South,Epsom Hospital,4.05,Epsom Hospital,4.05,Kingston Hospital,6.16,St. Georges Hospital,11.09
KT92AJ,51.358919,-0.294947,South,Epsom Hospital,3.99,Epsom Hospital,3.99,Kingston Hospital,6.31,St. Georges Hospital,11.28
KT92AL,51.36148,-0.292999,South,Epsom Hospital,4.2,Epsom Hospital,4.2,Kingston Hospital,6.01,St. Georges Hospital,10.99
KT92AN,51.359983,-0.294563,South,Epsom Hospital,4.09,Epsom Hospital,4.09,Kingston Hospital,6.19,St. Georges Hospital,11.18
KT92AP,51.361713,-0.294154,South,Epsom Hospital,4.25,Epsom Hospital,4.25,Kingston Hospital,5.99,St. Georges Hospital,11.03
KT92AQ,51.359871,-0.292413,South,Epsom Hospital,4.02,Epsom Hospital,4.02,Kingston Hospital,6.18,St. Georges Hospital,11.08
KT92AR,51.362789,-0.293353,South,Epsom Hospital,4.35,Epsom Hospital,4.35,Kingston Hospital,5.87,St. Georges Hospital,10.91
KT92AS,51.362713,-0.293054,South,Epsom Hospital,4.33,Epsom Hospital,4.33,Kingston Hospital,5.87,St. Georges Hospital,10.9
KT92AT,51.362832,-0.293825,South,Epsom Hospital,4.36,Epsom Hospital,4.36,Kingston Hospital,5.87,St. Georges Hospital,10.94
KT92AU,51.363005,-0.29458,South,Epsom Hospital,4.4,Epsom Hospital,4.4,Kingston Hospital,5.85,St. Georges Hospital,10.96
KT92AW,51.361356,-0.293751,South,Epsom Hospital,4.21,Epsom Hospital,4.21,Kingston Hospital,6.03,St. Georges Hospital,11.04
KT92AX,51.362495,-0.293507,South,Epsom Hospital,4.32,Epsom Hospital,4.32,Kingston Hospital,5.9,St. Georges Hospital,10.94
KT92AY,51.359112,-0.294639,South,Epsom Hospital,4.0,Epsom Hospital,4.0,Kingston Hospital,6.28,St. Georges Hospital,11.25
KT92AZ,51.363539,-0.292966,South,Epsom Hospital,4.42,Epsom Hospital,4.42,Kingston Hospital,5.78,St. Georges Hospital,10.84
KT92BA,51.362358,-0.29403,South,Epsom Hospital,4.32,Epsom Hospital,4.32,Kingston Hospital,5.92,St. Georges Hospital,10.98
KT92BB,51.363358,-0.290459,South,Epsom Hospital,4.35,Epsom Hospital,4.35,Kingston Hospital,5.78,St. Georges Hospital,10.72
KT92BD,51.359868,-0.308931,South,Epsom Hospital,4.54,Epsom Hospital,4.54,Kingston Hospital,6.42,St. Georges Hospital,11.95
KT92BE,51.361668,-0.289272,South,Epsom Hospital,4.14,Epsom Hospital,4.14,Kingston Hospital,5.96,St. Georges Hospital,10.79
KT92BF,51.361483,-0.309963,South,Epsom Hospital,4.73,Epsom Hospital,4.73,Kingston Hospital,6.27,St. Georges Hospital,11.9
KT92BG,51.357183,-0.312333,South,Epsom Hospital,4.44,Epsom Hospital,4.44,Kingston Hospital,6.78,St. Georges Hospital,12.32
KT92BH,51.36242,-0.290881,South,Epsom Hospital,4.25,Epsom Hospital,4.25,Kingston Hospital,5.88,St. Georges Hospital,10.81
KT92BJ,51.363331,-0.289167,South,Epsom Hospital,4.32,Epsom Hospital,4.32,Kingston Hospital,5.77,St. Georges Hospital,10.66
KT92BL,51.364025,-0.28871,South,Epsom Hospital,4.38,Epsom Hospital,4.38,Kingston Hospital,5.69,St. Georges Hospital,10.58
KT92BN,51.36455,-0.288892,South,Epsom Hospital,4.44,Epsom Hospital,4.44,Kingston Hospital,5.63,St. Georges Hospital,10.55
KT92BP,51.364746,-0.287563,South,Epsom Hospital,4.44,Epsom Hospital,4.44,Kingston Hospital,5.6,St. Georges Hospital,10.47
KT92BQ,51.362534,-0.289426,South,Epsom Hospital,4.24,Epsom Hospital,4.24,Kingston Hospital,5.86,St. Georges Hospital,10.73
KT92BS,51.362874,-0.288078,South,Epsom Hospital,4.25,Epsom Hospital,4.25,Kingston Hospital,5.82,St. Georges Hospital,10.63
KT92BT,51.360242,-0.289469,South,Epsom Hospital,3.99,Epsom Hospital,3.99,Kingston Hospital,6.12,St. Georges Hospital,10.9
KT92BU,51.360391,-0.28988,South,Epsom Hospital,4.02,Epsom Hospital,4.02,Kingston Hospital,6.1,St. Georges Hospital,10.91
KT92BW,51.364218,-0.28774,South,Epsom Hospital,4.39,Epsom Hospital,4.39,Kingston Hospital,5.66,St. Georges Hospital,10.52
KT92BX,51.360317,-0.287857,South,Epsom Hospital,3.97,Epsom Hospital,3.97,Kingston Hospital,6.1,St. Georges Hospital,10.82
KT92BY,51.359665,-0.288183,South,Epsom Hospital,3.91,Epsom Hospital,3.91,Kingston Hospital,6.17,St. Georges Hospital,10.88
KT92BZ,51.358937,-0.289417,South,Epsom Hospital,3.85,Epsom Hospital,3.85,Kingston Hospital,6.26,St. Georges Hospital,11.0
KT92DA,51.367473,-0.305663,South,Epsom Hospital,5.16,Epsom Hospital,5.16,Kingston Hospital,5.55,St. Georges Hospital,11.26
KT92DB,51.365171,-0.288323,South,Epsom Hospital,4.5,Epsom Hospital,4.5,Kingston Hospital,5.56,St. Georges Hospital,10.48
KT92DD,51.356062,-0.304446,South,Epsom Hospital,4.02,Epsom Hospital,4.02,Kingston Hospital,6.75,St. Georges Hospital,11.99
KT92DE,51.356281,-0.304022,South,Epsom Hospital,4.02,Epsom Hospital,4.02,Kingston Hospital,6.72,St. Georges Hospital,11.95
KT92DF,51.35645,-0.302651,South,Epsom Hospital,3.99,Epsom Hospital,3.99,Kingston Hospital,6.68,St. Georges Hospital,11.86
KT92DG,51.356407,-0.302222,South,Epsom Hospital,3.97,Epsom Hospital,3.97,Kingston Hospital,6.68,St. Georges Hospital,11.85
KT92DH,51.359053,-0.298634,South,Epsom Hospital,4.11,Epsom Hospital,4.11,Kingston Hospital,6.34,St. Georges Hospital,11.46
KT92DJ,51.362361,-0.295423,South,Epsom Hospital,4.35,Epsom Hospital,4.35,Kingston Hospital,5.93,St. Georges Hospital,11.05
KT92DL,51.362585,-0.295386,South,Epsom Hospital,4.38,Epsom Hospital,4.38,Kingston Hospital,5.91,St. Georges Hospital,11.04
KT92DN,51.360526,-0.296669,South,Epsom Hospital,4.2,Epsom Hospital,4.2,Kingston Hospital,6.15,St. Georges Hospital,11.25
KT92DP,51.359615,-0.297722,South,Epsom Hospital,4.14,Epsom Hospital,4.14,Kingston Hospital,6.26,St. Georges Hospital,11.37
KT92DQ,51.356398,-0.301605,South,Epsom Hospital,3.94,Epsom Hospital,3.94,Kingston Hospital,6.67,St. Georges Hospital,11.81
KT92DR,51.358351,-0.299191,South,Epsom Hospital,4.05,Epsom Hospital,4.05,Kingston Hospital,6.42,St. Georges Hospital,11.54
KT92DS,51.355899,-0.300632,South,Epsom Hospital,3.86,Epsom Hospital,3.86,Kingston Hospital,6.71,St. Georges Hospital,11.8
KT92DT,51.354073,-0.303744,South,Epsom Hospital,3.81,Epsom Hospital,3.81,Kingston Hospital,6.95,St. Georges Hospital,12.1
KT92DU,51.358792,-0.297379,South,Epsom Hospital,4.04,Epsom Hospital,4.04,Kingston Hospital,6.35,St. Georges Hospital,11.42
KT92DW,51.36103,-0.296708,South,Epsom Hospital,4.25,Epsom Hospital,4.25,Kingston Hospital,6.1,St. Georges Hospital,11.22
KT92DX,51.358124,-0.297806,South,Epsom Hospital,3.99,Epsom Hospital,3.99,Kingston Hospital,6.43,St. Georges Hospital,11.49
KT92DY,51.360414,-0.29515,South,Epsom Hospital,4.15,Epsom Hospital,4.15,Kingston Hospital,6.15,St. Georges Hospital,11.18
KT92DZ,51.360264,-0.295975,South,Epsom Hospital,4.15,Epsom Hospital,4.15,Kingston Hospital,6.17,St. Georges Hospital,11.24
KT92EA,51.35771,-0.29719,South,Epsom Hospital,3.93,Epsom Hospital,3.93,Kingston Hospital,6.47,St. Georges Hospital,11.49
KT92EB,51.35763,-0.296589,South,Epsom Hospital,3.9,Epsom Hospital,3.9,Kingston Hospital,6.47,St. Georges Hospital,11.46
KT92ED,51.358478,-0.29436,South,Epsom Hospital,3.93,Epsom Hospital,3.93,Kingston Hospital,6.35,St. Georges Hospital,11.29
KT92EE,51.357088,-0.300143,South,Epsom Hospital,3.96,Epsom Hospital,3.96,Kingston Hospital,6.57,St. Georges Hospital,11.69
KT92EF,51.356988,-0.296987,South,Epsom Hospital,3.85,Epsom Hospital,3.85,Kingston Hospital,6.54,St. Georges Hospital,11.53
KT92EG,51.357792,-0.298465,South,Epsom Hospital,3.98,Epsom Hospital,3.98,Kingston Hospital,6.47,St. Georges Hospital,11.55
KT92EH,51.359971,-0.297422,South,Epsom Hospital,4.16,Epsom Hospital,4.16,Kingston Hospital,6.22,St. Georges Hospital,11.33
KT92EJ,51.357587,-0.29988,South,Epsom Hospital,4.0,Epsom Hospital,4.0,Kingston Hospital,6.51,St. Georges Hospital,11.64
KT92EL,51.36008,-0.303695,South,Epsom Hospital,4.37,Epsom Hospital,4.37,Kingston Hospital,6.3,St. Georges Hospital,11.66
KT92EN,51.34,-0.319971,South,Epsom Hospital,3.65,Epsom Hospital,3.65,Kingston Hospital,8.76,St. Georges Hospital,13.99
KT92EP,51.363008,-0.305354,South,Epsom Hospital,4.71,Epsom Hospital,4.71,Kingston Hospital,6.02,St. Georges Hospital,11.54
KT92EQ,51.357057,-0.299268,South,Epsom Hospital,3.93,Epsom Hospital,3.93,Kingston Hospital,6.56,St. Georges Hospital,11.64
KT92ER,51.361638,-0.304528,South,Epsom Hospital,4.55,Epsom Hospital,4.55,Kingston Hospital,6.15,St. Georges Hospital,11.59
KT92ES,51.361736,-0.303792,South,Epsom Hospital,4.54,Epsom Hospital,4.54,Kingston Hospital,6.12,St. Georges Hospital,11.54
KT92ET,51.363164,-0.302475,South,Epsom Hospital,4.63,Epsom Hospital,4.63,Kingston Hospital,5.95,St. Georges Hospital,11.37
KT92EU,51.360137,-0.305187,South,Epsom Hospital,4.43,Epsom Hospital,4.43,Kingston Hospital,6.32,St. Georges Hospital,11.73
KT92EW,51.367413,-0.305823,South,Epsom Hospital,5.16,Epsom Hospital,5.16,Kingston Hospital,5.56,St. Georges Hospital,11.27
KT92EX,51.363252,-0.300475,South,Epsom Hospital,4.58,Epsom Hospital,4.58,Kingston Hospital,5.91,St. Georges Hospital,11.26
KT92EY,51.363515,-0.298109,South,Epsom Hospital,4.54,Epsom Hospital,4.54,Kingston Hospital,5.84,St. Georges Hospital,11.11
KT92EZ,51.362181,-0.297297,South,Epsom Hospital,4.38,Epsom Hospital,4.38,Kingston Hospital,5.98,St. Georges Hospital,11.17
KT92FA,51.356966,-0.307257,South,Epsom Hospital,4.21,Epsom Hospital,4.21,Kingston Hospital,6.7,St. Georges Hospital,12.07
KT92GA,51.363131,-0.312588,South,Epsom Hospital,4.99,Epsom Hospital,4.99,Kingston Hospital,6.16,St. Georges Hospital,11.93
KT92GB,51.363077,-0.313237,South,Epsom Hospital,5.01,Epsom Hospital,5.01,Kingston Hospital,6.18,St. Georges Hospital,11.97
KT92GD,51.362022,-0.313003,South,Epsom Hospital,4.9,Epsom Hospital,4.9,Kingston Hospital,6.29,St. Georges Hospital,12.03
KT92GE,51.361219,-0.314066,South,Epsom Hospital,4.87,Epsom Hospital,4.87,Kingston Hospital,6.4,St. Georges Hospital,12.14
KT92GF,51.360805,-0.313478,South,Epsom Hospital,4.81,Epsom Hospital,4.81,Kingston Hospital,6.43,St. Georges Hospital,12.13
KT92GG,51.360434,-0.315201,South,Epsom Hospital,4.85,Epsom Hospital,4.85,Kingston Hospital,6.51,St. Georges Hospital,12.25
KT92GH,51.359829,-0.313744,South,Epsom Hospital,4.73,Epsom Hospital,4.73,Kingston Hospital,6.53,St. Georges Hospital,12.22
KT92GJ,51.360008,-0.315576,South,Epsom Hospital,4.83,Epsom Hospital,4.83,Kingston Hospital,6.56,St. Georges Hospital,12.3
KT92GL,51.359572,-0.314615,South,Epsom Hospital,4.75,Epsom Hospital,4.75,Kingston Hospital,6.58,St. Georges Hospital,12.28
KT92GN,51.358964,-0.313603,South,Epsom Hospital,4.65,Epsom Hospital,4.65,Kingston Hospital,6.62,St. Georges Hospital,12.27
KT92GP,51.358973,-0.315528,South,Epsom Hospital,4.73,Epsom Hospital,4.73,Kingston Hospital,6.67,St. Georges Hospital,12.37
KT92GQ,51.360164,-0.315182,South,Epsom Hospital,4.82,Epsom Hospital,4.82,Kingston Hospital,6.54,St. Georges Hospital,12.27
KT92GR,51.359865,-0.315006,South,Epsom Hospital,4.79,Epsom Hospital,4.79,Kingston Hospital,6.56,St. Georges Hospital,12.28
KT92GS,51.359941,-0.315909,South,Epsom Hospital,4.83,Epsom Hospital,4.83,Kingston Hospital,6.58,St. Georges Hospital,12.33
KT92GT,51.36034,-0.315506,South,Epsom Hospital,4.85,Epsom Hospital,4.85,Kingston Hospital,6.52,St. Georges Hospital,12.28
KT92GU,51.361603,-0.315144,South,Epsom Hospital,4.95,Epsom Hospital,4.95,Kingston Hospital,6.39,St. Georges Hospital,12.17
KT92GW,51.358627,-0.314592,South,Epsom Hospital,4.66,Epsom Hospital,4.66,Kingston Hospital,6.68,St. Georges Hospital,12.34
KT92GY,51.359148,-0.31206,South,Epsom Hospital,4.6,Epsom Hospital,4.6,Kingston Hospital,6.57,St. Georges Hospital,12.17
KT92GZ,51.362518,-0.314378,South,Epsom Hospital,5.0,Epsom Hospital,5.0,Kingston Hospital,6.27,St. Georges Hospital,12.07
KT92HA,51.362038,-0.296713,South,Epsom Hospital,4.35,Epsom Hospital,4.35,Kingston Hospital,5.99,St. Georges Hospital,11.14
KT92HB,51.361622,-0.299659,South,Epsom Hospital,4.39,Epsom Hospital,4.39,Kingston Hospital,6.07,St. Georges Hospital,11.33
KT92HD,51.361273,-0.299773,South,Epsom Hospital,4.36,Epsom Hospital,4.36,Kingston Hospital,6.11,St. Georges Hospital,11.36
KT92HE,51.362084,-0.298694,South,Epsom Hospital,4.41,Epsom Hospital,4.41,Kingston Hospital,6.01,St. Georges Hospital,11.25
KT92HF,51.362215,-0.300226,South,Epsom Hospital,4.47,Epsom Hospital,4.47,Kingston Hospital,6.01,St. Georges Hospital,11.32
KT92HG,51.362937,-0.299797,South,Epsom Hospital,4.53,Epsom Hospital,4.53,Kingston Hospital,5.93,St. Georges Hospital,11.24
KT92HH,51.358736,-0.310294,South,Epsom Hospital,4.49,Epsom Hospital,4.49,Kingston Hospital,6.57,St. Georges Hospital,12.1
KT92HJ,51.360869,-0.308521,South,Epsom Hospital,4.62,Epsom Hospital,4.62,Kingston Hospital,6.31,St. Georges Hospital,11.86
KT92HL,51.359562,-0.31203,South,Epsom Hospital,4.64,Epsom Hospital,4.64,Kingston Hospital,6.52,St. Georges Hospital,12.14
KT92HN,51.361721,-0.308346,South,Epsom Hospital,4.69,Epsom Hospital,4.69,Kingston Hospital,6.21,St. Georges Hospital,11.79
KT92HP,51.360014,-0.309744,South,Epsom Hospital,4.59,Epsom Hospital,4.59,Kingston Hospital,6.42,St. Georges Hospital,11.98
KT92HQ,51.360413,-0.311238,South,Epsom Hospital,4.68,Epsom Hospital,4.68,Kingston Hospital,6.42,St. Georges Hospital,12.04
KT92HR,51.357799,-0.310774,South,Epsom Hospital,4.43,Epsom Hospital,4.43,Kingston Hospital,6.68,St. Georges Hospital,12.2
KT92HS,51.357507,-0.311143,South,Epsom Hospital,4.42,Epsom Hospital,4.42,Kingston Hospital,6.72,St. Georges Hospital,12.24
KT92HT,51.357241,-0.310722,South,Epsom Hospital,4.38,Epsom Hospital,4.38,Kingston Hospital,6.74,St. Georges Hospital,12.23
KT92HU,51.357507,-0.311718,South,Epsom Hospital,4.44,Epsom Hospital,4.44,Kingston Hospital,6.73,St. Georges Hospital,12.27
KT92HW,51.361822,-0.309161,South,Epsom Hospital,4.73,Epsom Hospital,4.73,Kingston Hospital,6.22,St. Georges Hospital,11.83
KT92HX,51.356804,-0.312261,South,Epsom Hospital,4.4,Epsom Hospital,4.4,Kingston Hospital,6.82,St. Georges Hospital,12.35
KT92HY,51.360019,-0.310692,South,Epsom Hospital,4.63,Epsom Hospital,4.63,Kingston Hospital,6.44,St. Georges Hospital,12.04
KT92HZ,51.360602,-0.309995,South,Epsom Hospital,4.65,Epsom Hospital,4.65,Kingston Hospital,6.37,St. Georges Hospital,11.96
KT92JA,51.359431,-0.30797,South,Epsom Hospital,4.47,Epsom Hospital,4.47,Kingston Hospital,6.45,St. Georges Hospital,11.93
KT92JB,51.361472,-0.306057,South,Epsom Hospital,4.59,Epsom Hospital,4.59,Kingston Hospital,6.19,St. Georges Hospital,11.68
KT92JD,51.359837,-0.306806,South,Epsom Hospital,4.46,Epsom Hospital,4.46,Kingston Hospital,6.38,St. Georges Hospital,11.84
KT92JE,51.36054,-0.305703,South,Epsom Hospital,4.49,Epsom Hospital,4.49,Kingston Hospital,6.29,St. Georges Hospital,11.73
KT92JF,51.36185,-0.3061,South,Epsom Hospital,4.63,Epsom Hospital,4.63,Kingston Hospital,6.16,St. Georges Hospital,11.66
KT92JG,51.362338,-0.306269,South,Epsom Hospital,4.68,Epsom Hospital,4.68,Kingston Hospital,6.11,St. Georges Hospital,11.64
KT92JH,51.367413,-0.305823,South,Epsom Hospital,5.16,Epsom Hospital,5.16,Kingston Hospital,5.56,St. Georges Hospital,11.27
KT92JL,51.364768,-0.311379,South,Epsom Hospital,5.09,Epsom Hospital,5.09,Kingston Hospital,5.96,St. Georges Hospital,11.75
KT92JN,51.353763,-0.31154,South,Epsom Hospital,4.11,Epsom Hospital,4.11,Kingston Hospital,7.13,St. Georges Hospital,12.53
KT92JP,51.356414,-0.310753,South,Epsom Hospital,4.31,Epsom Hospital,4.31,Kingston Hospital,6.83,St. Georges Hospital,12.29
KT92JQ,51.356417,-0.312232,South,Epsom Hospital,4.37,Epsom Hospital,4.37,Kingston Hospital,6.86,St. Georges Hospital,12.37
KT92JR,51.356693,-0.307066,South,Epsom Hospital,4.18,Epsom Hospital,4.18,Kingston Hospital,6.73,St. Georges Hospital,12.08
KT92JS,51.356788,-0.309274,South,Epsom Hospital,4.28,Epsom Hospital,4.28,Kingston Hospital,6.76,St. Georges Hospital,12.19
KT92JT,51.355972,-0.308184,South,Epsom Hospital,4.16,Epsom Hospital,4.16,Kingston Hospital,6.82,St. Georges Hospital,12.19
KT92JU,51.357379,-0.306595,South,Epsom Hospital,4.22,Epsom Hospital,4.22,Kingston Hospital,6.64,St. Georges Hospital,12.0
KT92JW,51.360502,-0.308017,South,Epsom Hospital,4.57,Epsom Hospital,4.57,Kingston Hospital,6.34,St. Georges Hospital,11.86
KT92JX,51.357956,-0.305483,South,Epsom Hospital,4.23,Epsom Hospital,4.23,Kingston Hospital,6.56,St. Georges Hospital,11.9
KT92JY,51.357814,-0.304956,South,Epsom Hospital,4.2,Epsom Hospital,4.2,Kingston Hospital,6.57,St. Georges Hospital,11.88
KT92JZ,51.358535,-0.303192,South,Epsom Hospital,4.21,Epsom Hospital,4.21,Kingston Hospital,6.46,St. Georges Hospital,11.74
KT92LA,51.358855,-0.302979,South,Epsom Hospital,4.23,Epsom Hospital,4.23,Kingston Hospital,6.42,St. Georges Hospital,11.71
KT92LB,51.357977,-0.303801,South,Epsom Hospital,4.17,Epsom Hospital,4.17,Kingston Hospital,6.53,St. Georges Hospital,11.81
KT92LD,51.357623,-0.30357,South,Epsom Hospital,4.13,Epsom Hospital,4.13,Kingston Hospital,6.56,St. Georges Hospital,11.83
KT92LE,51.357571,-0.303084,South,Epsom Hospital,4.11,Epsom Hospital,4.11,Kingston Hospital,6.56,St. Georges Hospital,11.8
KT92LF,51.357636,-0.302607,South,Epsom Hospital,4.1,Epsom Hospital,4.1,Kingston Hospital,6.55,St. Georges Hospital,11.77
KT92LG,51.357326,-0.302288,South,Epsom Hospital,4.06,Epsom Hospital,4.06,Kingston Hospital,6.58,St. Georges Hospital,11.78
KT92LH,51.356401,-0.305525,South,Epsom Hospital,4.09,Epsom Hospital,4.09,Kingston Hospital,6.73,St. Georges Hospital,12.02
KT92LJ,51.356339,-0.30682,South,Epsom Hospital,4.14,Epsom Hospital,4.14,Kingston Hospital,6.76,St. Georges Hospital,12.09
KT92LL,51.357233,-0.300884,South,Epsom Hospital,4.0,Epsom Hospital,4.0,Kingston Hospital,6.57,St. Georges Hospital,11.71
KT92LN,51.35916,-0.302293,South,Epsom Hospital,4.23,Epsom Hospital,4.23,Kingston Hospital,6.38,St. Georges Hospital,11.65
KT92LP,51.354791,-0.311071,South,Epsom Hospital,4.18,Epsom Hospital,4.18,Kingston Hospital,7.01,St. Georges Hospital,12.43
KT92LQ,51.357038,-0.302299,South,Epsom Hospital,4.03,Epsom Hospital,4.03,Kingston Hospital,6.61,St. Georges Hospital,11.8
KT92LR,51.353871,-0.309669,South,Epsom Hospital,4.04,Epsom Hospital,4.04,Kingston Hospital,7.08,St. Georges Hospital,12.42
KT92LS,51.367413,-0.305823,South,Epsom Hospital,5.16,Epsom Hospital,5.16,Kingston Hospital,5.56,St. Georges Hospital,11.27
KT92LT,51.357659,-0.313536,South,Epsom Hospital,4.53,Epsom Hospital,4.53,Kingston Hospital,6.76,St. Georges Hospital,12.35
KT92LU,51.357508,-0.312407,South,Epsom Hospital,4.47,Epsom Hospital,4.47,Kingston Hospital,6.75,St. Georges Hospital,12.3
KT92LW,51.355591,-0.307365,South,Epsom Hospital,4.09,Epsom Hospital,4.09,Kingston Hospital,6.85,St. Georges Hospital,12.17
KT92LX,51.35663,-0.313876,South,Epsom Hospital,4.46,Epsom Hospital,4.46,Kingston Hospital,6.87,St. Georges Hospital,12.44
KT92LY,51.355772,-0.31678,South,Epsom Hospital,4.52,Epsom Hospital,4.52,Kingston Hospital,7.03,St. Georges Hospital,12.66
KT92LZ,51.355169,-0.320536,South,Epsom Hospital,4.66,Epsom Hospital,4.66,Kingston Hospital,7.19,St. Georges Hospital,12.91
KT92NA,51.354989,-0.321763,South,Epsom Hospital,4.7,Epsom Hospital,4.7,Kingston Hospital,7.24,St. Georges Hospital,12.99
KT92NB,51.353951,-0.31271,South,Epsom Hospital,4.18,Epsom Hospital,4.18,Kingston Hospital,7.13,St. Georges Hospital,12.57
KT92ND,51.353465,-0.31392,South,Epsom Hospital,4.2,Epsom Hospital,4.2,Kingston Hospital,7.21,St. Georges Hospital,12.67
KT92NE,51.348603,-0.314759,South,Epsom Hospital,3.87,Epsom Hospital,3.87,Kingston Hospital,7.74,St. Georges Hospital,13.07
KT92NF,51.346952,-0.306908,South,Epsom Hospital,3.34,Epsom Hospital,3.34,Kingston Hospital,7.77,St. Georges Hospital,12.8
KT92NG,51.343671,-0.318257,South,Epsom Hospital,3.74,Epsom Hospital,3.74,Kingston Hospital,8.34,St. Georges Hospital,13.62
KT92NH,51.334254,-0.320583,South,Epsom Hospital,3.46,Epsom Hospital,3.46,Kingston Hospital,9.38,St. Georges Hospital,14.47
KT92NJ,51.339697,-0.324547,South,Epsom Hospital,3.92,Epsom Hospital,3.92,Kingston Hospital,8.9,St. Georges Hospital,14.24
KT92NL,51.337474,-0.324384,South,Epsom Hospital,3.82,Epsom Hospital,3.82,Kingston Hospital,9.12,St. Georges Hospital,14.41
KT92NN,51.340054,-0.319323,South,Epsom Hospital,3.61,Epsom Hospital,3.61,Kingston Hospital,8.74,St. Georges Hospital,13.95
KT92NP,51.339738,-0.319851,South,Epsom Hospital,3.63,Epsom Hospital,3.63,Kingston Hospital,8.79,St. Georges Hospital,14.0
KT92NQ,51.338668,-0.319273,South,Epsom Hospital,3.54,Epsom Hospital,3.54,Kingston Hospital,8.89,St. Georges Hospital,14.06
KT92NR,51.340707,-0.319701,South,Epsom Hospital,3.66,Epsom Hospital,3.66,Kingston Hospital,8.68,St. Georges Hospital,13.92
KT92NS,51.341534,-0.32036,South,Epsom Hospital,3.75,Epsom Hospital,3.75,Kingston Hospital,8.61,St. Georges Hospital,13.89
KT92NT,51.342352,-0.321579,South,Epsom Hospital,3.86,Epsom Hospital,3.86,Kingston Hospital,8.55,St. Georges Hospital,13.89
KT92NU,51.341213,-0.321175,South,Epsom Hospital,3.78,Epsom Hospital,3.78,Kingston Hospital,8.66,St. Georges Hospital,13.96
KT92NW,51.339594,-0.317373,South,Epsom Hospital,3.46,Epsom Hospital,3.46,Kingston Hospital,8.75,St. Georges Hospital,13.89
KT92NX,51.349923,-0.315228,South,Epsom Hospital,3.99,Epsom Hospital,3.99,Kingston Hospital,7.61,St. Georges Hospital,13.0
KT92NY,51.35357,-0.310585,South,Epsom Hospital,4.05,Epsom Hospital,4.05,Kingston Hospital,7.13,St. Georges Hospital,12.49
KT92NZ,51.352968,-0.311282,South,Epsom Hospital,4.03,Epsom Hospital,4.03,Kingston Hospital,7.2,St. Georges Hospital,12.57
KT92PA,51.354791,-0.311071,South,Epsom Hospital,4.18,Epsom Hospital,4.18,Kingston Hospital,7.01,St. Georges Hospital,12.43
KT92PB,51.354791,-0.311071,South,Epsom Hospital,4.18,Epsom Hospital,4.18,Kingston Hospital,7.01,St. Georges Hospital,12.43
KT92PD,51.354791,-0.311071,South,Epsom Hospital,4.18,Epsom Hospital,4.18,Kingston Hospital,7.01,St. Georges Hospital,12.43
KT92PE,51.367413,-0.305823,South,Epsom Hospital,5.16,Epsom Hospital,5.16,Kingston Hospital,5.56,St. Georges Hospital,11.27
KT92PF,51.352993,-0.311137,South,Epsom Hospital,4.03,Epsom Hospital,4.03,Kingston Hospital,7.2,St. Georges Hospital,12.56
KT92PG,51.367413,-0.305823,South,Epsom Hospital,5.16,Epsom Hospital,5.16,Kingston Hospital,5.56,St. Georges Hospital,11.27
KT92PH,51.362898,-0.308331,South,Epsom Hospital,4.8,Epsom Hospital,4.8,Kingston Hospital,6.09,St. Georges Hospital,11.71
KT92PJ,51.363056,-0.309891,South,Epsom Hospital,4.88,Epsom Hospital,4.88,Kingston Hospital,6.11,St. Georges Hospital,11.78
KT92PL,51.362647,-0.30959,South,Epsom Hospital,4.83,Epsom Hospital,4.83,Kingston Hospital,6.14,St. Georges Hospital,11.8
KT92PN,51.363498,-0.309961,South,Epsom Hospital,4.92,Epsom Hospital,4.92,Kingston Hospital,6.06,St. Georges Hospital,11.76
KT92PP,51.364997,-0.309776,South,Epsom Hospital,5.06,Epsom Hospital,5.06,Kingston Hospital,5.9,St. Georges Hospital,11.65
KT92PQ,51.358365,-0.309503,South,Epsom Hospital,4.43,Epsom Hospital,4.43,Kingston Hospital,6.59,St. Georges Hospital,12.09
KT92PR,51.362565,-0.311374,South,Epsom Hospital,4.89,Epsom Hospital,4.89,Kingston Hospital,6.19,St. Georges Hospital,11.9
KT92PS,51.361415,-0.312106,South,Epsom Hospital,4.81,Epsom Hospital,4.81,Kingston Hospital,6.33,St. Georges Hospital,12.02
KT92PT,51.360124,-0.312354,South,Epsom Hospital,4.7,Epsom Hospital,4.7,Kingston Hospital,6.47,St. Georges Hospital,12.12
KT92PU,51.361562,-0.311052,South,Epsom Hospital,4.78,Epsom Hospital,4.78,Kingston Hospital,6.29,St. Georges Hospital,11.95
KT92PW,51.364988,-0.309173,South,Epsom Hospital,5.03,Epsom Hospital,5.03,Kingston Hospital,5.89,St. Georges Hospital,11.62
KT92PX,51.363315,-0.314133,South,Epsom Hospital,5.06,Epsom Hospital,5.06,Kingston Hospital,6.18,St. Georges Hospital,12.0
KT92PY,51.362043,-0.315113,South,Epsom Hospital,4.99,Epsom Hospital,4.99,Kingston Hospital,6.34,St. Georges Hospital,12.14
KT92PZ,51.363611,-0.312197,South,Epsom Hospital,5.01,Epsom Hospital,5.01,Kingston Hospital,6.1,St. Georges Hospital,11.88
KT92QA,51.363002,-0.314245,South,Epsom Hospital,5.04,Epsom Hospital,5.04,Kingston Hospital,6.22,St. Georges Hospital,12.03
KT92QB,51.363043,-0.31522,South,Epsom Hospital,5.08,Epsom Hospital,5.08,Kingston Hospital,6.24,St. Georges Hospital,12.08
KT92QD,51.363146,-0.316179,South,Epsom Hospital,5.13,Epsom Hospital,5.13,Kingston Hospital,6.25,St. Georges Hospital,12.13
KT92QE,51.365401,-0.310408,South,Epsom Hospital,5.12,Epsom Hospital,5.12,Kingston Hospital,5.87,St. Georges Hospital,11.66
KT92QF,51.365617,-0.313546,South,Epsom Hospital,5.25,Epsom Hospital,5.25,Kingston Hospital,5.93,St. Georges Hospital,11.82
KT92QH,51.366815,-0.311764,South,Epsom Hospital,5.3,Epsom Hospital,5.3,Kingston Hospital,5.76,St. Georges Hospital,11.64
KT92QJ,51.365129,-0.310849,South,Epsom Hospital,5.11,Epsom Hospital,5.11,Kingston Hospital,5.91,St. Georges Hospital,11.7
KT92QL,51.338881,-0.317829,South,Epsom Hospital,3.46,Epsom Hospital,3.46,Kingston Hospital,8.84,St. Georges Hospital,13.97
KT92QN,51.364066,-0.314436,South,Epsom Hospital,5.14,Epsom Hospital,5.14,Kingston Hospital,6.11,St. Georges Hospital,11.97
KT92QP,51.364943,-0.31482,South,Epsom Hospital,5.24,Epsom Hospital,5.24,Kingston Hospital,6.03,St. Georges Hospital,11.94
KT92QR,51.364548,-0.314217,South,Epsom Hospital,5.18,Epsom Hospital,5.18,Kingston Hospital,6.06,St. Georges Hospital,11.93
KT92QS,51.364804,-0.312613,South,Epsom Hospital,5.14,Epsom Hospital,5.14,Kingston Hospital,5.99,St. Georges Hospital,11.82
KT92QT,51.366263,-0.313393,South,Epsom Hospital,5.31,Epsom Hospital,5.31,Kingston Hospital,5.86,St. Georges Hospital,11.77
KT92QU,51.365624,-0.312123,South,Epsom Hospital,5.2,Epsom Hospital,5.2,Kingston Hospital,5.89,St. Georges Hospital,11.74
KT92QW,51.364325,-0.31559,South,Epsom Hospital,5.21,Epsom Hospital,5.21,Kingston Hospital,6.12,St. Georges Hospital,12.02
KT92QX,51.365272,-0.312639,South,Epsom Hospital,5.19,Epsom Hospital,5.19,Kingston Hospital,5.94,St. Georges Hospital,11.79
KT92QY,51.366074,-0.310283,South,Epsom Hospital,5.18,Epsom Hospital,5.18,Kingston Hospital,5.8,St. Georges Hospital,11.61
KT92QZ,51.366795,-0.309739,South,Epsom Hospital,5.23,Epsom Hospital,5.23,Kingston Hospital,5.71,St. Georges Hospital,11.53
KT92RA,51.366871,-0.310684,South,Epsom Hospital,5.27,Epsom Hospital,5.27,Kingston Hospital,5.73,St. Georges Hospital,11.58
KT92RB,51.367413,-0.305823,South,Epsom Hospital,5.16,Epsom Hospital,5.16,Kingston Hospital,5.56,St. Georges Hospital,11.27
KT92RH,51.367544,-0.314323,South,Epsom Hospital,5.46,Epsom Hospital,5.46,Kingston Hospital,5.75,St. Georges Hospital,11.74
KT92RJ,51.367364,-0.31555,South,Epsom Hospital,5.49,Epsom Hospital,5.49,Kingston Hospital,5.81,St. Georges Hospital,11.82
KT92RL,51.368459,-0.314778,South,Epsom Hospital,5.57,Epsom Hospital,5.57,Kingston Hospital,5.67,St. Georges Hospital,11.71
KT92RN,51.364364,-0.317068,South,Epsom Hospital,5.28,Epsom Hospital,5.28,Kingston Hospital,6.15,St. Georges Hospital,12.1
KT92RT,51.363843,-0.29906,South,Epsom Hospital,4.6,Epsom Hospital,4.6,Kingston Hospital,5.82,St. Georges Hospital,11.14
KT92RU,51.363613,-0.301783,South,Epsom Hospital,4.66,Epsom Hospital,4.66,Kingston Hospital,5.89,St. Georges Hospital,11.3
KT92RW,51.366859,-0.313586,South,Epsom Hospital,5.37,Epsom Hospital,5.37,Kingston Hospital,5.8,St. Georges Hospital,11.74
KT92RX,51.363457,-0.304662,South,Epsom Hospital,4.73,Epsom Hospital,4.73,Kingston Hospital,5.96,St. Georges Hospital,11.47
KT92RY,51.356688,-0.315425,South,Epsom Hospital,4.54,Epsom Hospital,4.54,Kingston Hospital,6.9,St. Georges Hospital,12.52
KT92SA,51.356298,-0.313974,South,Epsom Hospital,4.44,Epsom Hospital,4.44,Kingston Hospital,6.91,St. Georges Hospital,12.47
KT92SB,51.356023,-0.313582,South,Epsom Hospital,4.4,Epsom Hospital,4.4,Kingston Hospital,6.93,St. Georges Hospital,12.47
KT92SG,51.356194,-0.315515,South,Epsom Hospital,4.5,Epsom Hospital,4.5,Kingston Hospital,6.96,St. Georges Hospital,12.56
KT92SH,51.357299,-0.314813,South,Epsom Hospital,4.56,Epsom Hospital,4.56,Kingston Hospital,6.82,St. Georges Hospital,12.45
KT92SJ,51.358306,-0.314145,South,Epsom Hospital,4.62,Epsom Hospital,4.62,Kingston Hospital,6.7,St. Georges Hospital,12.34
KT92SL,51.357674,-0.313363,South,Epsom Hospital,4.53,Epsom Hospital,4.53,Kingston Hospital,6.75,St. Georges Hospital,12.34
KT92SN,51.356764,-0.313813,South,Epsom Hospital,4.47,Epsom Hospital,4.47,Kingston Hospital,6.86,St. Georges Hospital,12.43
KT92SP,51.355769,-0.315344,South,Epsom Hospital,4.45,Epsom Hospital,4.45,Kingston Hospital,7.0,St. Georges Hospital,12.58
KT92SW,51.356844,-0.315031,South,Epsom Hospital,4.53,Epsom Hospital,4.53,Kingston Hospital,6.88,St. Georges Hospital,12.49
KT92TA,51.353014,-0.312573,South,Epsom Hospital,4.1,Epsom Hospital,4.1,Kingston Hospital,7.23,St. Georges Hospital,12.63
KT92WA,51.353014,-0.312573,South,Epsom Hospital,4.1,Epsom Hospital,4.1,Kingston Hospital,7.23,St. Georges Hospital,12.63
KT92WB,51.367413,-0.305823,South,Epsom Hospital,5.16,Epsom Hospital,5.16,Kingston Hospital,5.56,St. Georges Hospital,11.27
KT92WD,51.360137,-0.305187,South,Epsom Hospital,4.43,Epsom Hospital,4.43,Kingston Hospital,6.32,St. Georges Hospital,11.73
KT92WE,51.367413,-0.305823,South,Epsom Hospital,5.16,Epsom Hospital,5.16,Kingston Hospital,5.56,St. Georges Hospital,11.27
KT92WF,51.367413,-0.305823,South,Epsom Hospital,5.16,Epsom Hospital,5.16,Kingston Hospital,5.56,St. Georges Hospital,11.27
KT92WG,51.353014,-0.312573,South,Epsom Hospital,4.1,Epsom Hospital,4.1,Kingston Hospital,7.23,St. Georges Hospital,12.63
KT92WH,51.367413,-0.305823,South,Epsom Hospital,5.16,Epsom Hospital,5.16,Kingston Hospital,5.56,St. Georges Hospital,11.27
KT92WJ,51.367413,-0.305823,South,Epsom Hospital,5.16,Epsom Hospital,5.16,Kingston Hospital,5.56,St. Georges Hospital,11.27
KT92WL,51.367413,-0.305823,South,Epsom Hospital,5.16,Epsom Hospital,5.16,Kingston Hospital,5.56,St. Georges Hospital,11.27
KT92WN,51.367413,-0.305823,South,Epsom Hospital,5.16,Epsom Hospital,5.16,Kingston Hospital,5.56,St. Georges Hospital,11.27
KT92WP,51.367413,-0.305823,South,Epsom Hospital,5.16,Epsom Hospital,5.16,Kingston Hospital,5.56,St. Georges Hospital,11.27
KT92WQ,51.367413,-0.305823,South,Epsom Hospital,5.16,Epsom Hospital,5.16,Kingston Hospital,5.56,St. Georges Hospital,11.27
KT92WR,51.367413,-0.305823,South,Epsom Hospital,5.16,Epsom Hospital,5.16,Kingston Hospital,5.56,St. Georges Hospital,11.27
KT92WS,51.360137,-0.305187,South,Epsom Hospital,4.43,Epsom Hospital,4.43,Kingston Hospital,6.32,St. Georges Hospital,11.73
KT92WT,51.367413,-0.305823,South,Epsom Hospital,5.16,Epsom Hospital,5.16,Kingston Hospital,5.56,St. Georges Hospital,11.27
KT92WU,51.367413,-0.305823,South,Epsom Hospital,5.16,Epsom Hospital,5.16,Kingston Hospital,5.56,St. Georges Hospital,11.27
KT92WX,51.367413,-0.305823,South,Epsom Hospital,5.16,Epsom Hospital,5.16,Kingston Hospital,5.56,St. Georges Hospital,11.27
KT92XQ,51.367413,-0.305823,South,Epsom Hospital,5.16,Epsom Hospital,5.16,Kingston Hospital,5.56,St. Georges Hospital,11.27
KT92XY,51.367413,-0.305823,South,Epsom Hospital,5.16,Epsom Hospital,5.16,Kingston Hospital,5.56,St. Georges Hospital,11.27
KT92YA,51.360764,-0.305005,South,Epsom Hospital,4.48,Epsom Hospital,4.48,Kingston Hospital,6.25,St. Georges Hospital,11.68
KT92YB,51.367413,-0.305823,South,Epsom Hospital,5.16,Epsom Hospital,5.16,Kingston Hospital,5.56,St. Georges Hospital,11.27
KT92YD,51.360137,-0.305187,South,Epsom Hospital,4.43,Epsom Hospital,4.43,Kingston Hospital,6.32,St. Georges Hospital,11.73
KT92YE,51.367413,-0.305823,South,Epsom Hospital,5.16,Epsom Hospital,5.16,Kingston Hospital,5.56,St. Georges Hospital,11.27
KT92YF,51.367413,-0.305823,South,Epsom Hospital,5.16,Epsom Hospital,5.16,Kingston Hospital,5.56,St. Georges Hospital,11.27
KT92YG,51.367413,-0.305823,South,Epsom Hospital,5.16,Epsom Hospital,5.16,Kingston Hospital,5.56,St. Georges Hospital,11.27
KT92YH,51.353014,-0.312573,South,Epsom Hospital,4.1,Epsom Hospital,4.1,Kingston Hospital,7.23,St. Georges Hospital,12.63
KT92YJ,51.367413,-0.305823,South,Epsom Hospital,5.16,Epsom Hospital,5.16,Kingston Hospital,5.56,St. Georges Hospital,11.27
KT92YL,51.360764,-0.305005,South,Epsom Hospital,4.48,Epsom Hospital,4.48,Kingston Hospital,6.25,St. Georges Hospital,11.68
KT92YN,51.367413,-0.305823,South,Epsom Hospital,5.16,Epsom Hospital,5.16,Kingston Hospital,5.56,St. Georges Hospital,11.27
KT92YP,51.353014,-0.312573,South,Epsom Hospital,4.1,Epsom Hospital,4.1,Kingston Hospital,7.23,St. Georges Hospital,12.63
KT92YQ,51.367413,-0.305823,South,Epsom Hospital,5.16,Epsom Hospital,5.16,Kingston Hospital,5.56,St. Georges Hospital,11.27
KT92YR,51.367413,-0.305823,South,Epsom Hospital,5.16,Epsom Hospital,5.16,Kingston Hospital,5.56,St. Georges Hospital,11.27
KT92YS,51.367413,-0.305823,South,Epsom Hospital,5.16,Epsom Hospital,5.16,Kingston Hospital,5.56,St. Georges Hospital,11.27
KT92YT,51.360137,-0.305187,South,Epsom Hospital,4.43,Epsom Hospital,4.43,Kingston Hospital,6.32,St. Georges Hospital,11.73
KT92YW,51.367413,-0.305823,South,Epsom Hospital,5.16,Epsom Hospital,5.16,Kingston Hospital,5.56,St. Georges Hospital,11.27
KT92YY,51.367413,-0.305823,South,Epsom Hospital,5.16,Epsom Hospital,5.16,Kingston Hospital,5.56,St. Georges Hospital,11.27
KT92YZ,51.367473,-0.305663,South,Epsom Hospital,5.16,Epsom Hospital,5.16,Kingston Hospital,5.55,St. Georges Hospital,11.26
KT99AB,51.367413,-0.305823,South,Epsom Hospital,5.16,Epsom Hospital,5.16,Kingston Hospital,5.56,St. Georges Hospital,11.27
KT99AE,51.367413,-0.305823,South,Epsom Hospital,5.16,Epsom Hospital,5.16,Kingston Hospital,5.56,St. Georges Hospital,11.27
KT99AF,51.367413,-0.305823,South,Epsom Hospital,5.16,Epsom Hospital,5.16,Kingston Hospital,5.56,St. Georges Hospital,11.27
KT99AG,51.367413,-0.305823,South,Epsom Hospital,5.16,Epsom Hospital,5.16,Kingston Hospital,5.56,St. Georges Hospital,11.27
KT99AH,51.367473,-0.305663,South,Epsom Hospital,5.16,Epsom Hospital,5.16,Kingston Hospital,5.55,St. Georges Hospital,11.26
KT99AJ,51.367413,-0.305823,South,Epsom Hospital,5.16,Epsom Hospital,5.16,Kingston Hospital,5.56,St. Georges Hospital,11.27
KT99AL,51.367413,-0.305823,South,Epsom Hospital,5.16,Epsom Hospital,5.16,Kingston Hospital,5.56,St. Georges Hospital,11.27
KT99AN,51.367413,-0.305823,South,Epsom Hospital,5.16,Epsom Hospital,5.16,Kingston Hospital,5.56,St. Georges Hospital,11.27
KT99AP,51.367413,-0.305823,South,Epsom Hospital,5.16,Epsom Hospital,5.16,Kingston Hospital,5.56,St. Georges Hospital,11.27
KT99AQ,51.367413,-0.305823,South,Epsom Hospital,5.16,Epsom Hospital,5.16,Kingston Hospital,5.56,St. Georges Hospital,11.27
KT99AS,51.367413,-0.305823,South,Epsom Hospital,5.16,Epsom Hospital,5.16,Kingston Hospital,5.56,St. Georges Hospital,11.27
KT99AT,51.367413,-0.305823,South,Epsom Hospital,5.16,Epsom Hospital,5.16,Kingston Hospital,5.56,St. Georges Hospital,11.27
KT99AU,51.367413,-0.305823,South,Epsom Hospital,5.16,Epsom Hospital,5.16,Kingston Hospital,5.56,St. Georges Hospital,11.27
KT99AW,51.367413,-0.305823,South,Epsom Hospital,5.16,Epsom Hospital,5.16,Kingston Hospital,5.56,St. Georges Hospital,11.27
KT99AX,51.367413,-0.305823,South,Epsom Hospital,5.16,Epsom Hospital,5.16,Kingston Hospital,5.56,St. Georges Hospital,11.27
KT99AY,51.367413,-0.305823,South,Epsom Hospital,5.16,Epsom Hospital,5.16,Kingston Hospital,5.56,St. Georges Hospital,11.27
KT99AZ,51.367413,-0.305823,South,Epsom Hospital,5.16,Epsom Hospital,5.16,Kingston Hospital,5.56,St. Georges Hospital,11.27
KT99BA,51.367413,-0.305823,South,Epsom Hospital,5.16,Epsom Hospital,5.16,Kingston Hospital,5.56,St. Georges Hospital,11.27
KT99BB,51.367413,-0.305823,South,Epsom Hospital,5.16,Epsom Hospital,5.16,Kingston Hospital,5.56,St. Georges Hospital,11.27
KT99BD,51.367413,-0.305823,South,Epsom Hospital,5.16,Epsom Hospital,5.16,Kingston Hospital,5.56,St. Georges Hospital,11.27
KT99BE,51.367413,-0.305823,South,Epsom Hospital,5.16,Epsom Hospital,5.16,Kingston Hospital,5.56,St. Georges Hospital,11.27
KT99BF,51.367413,-0.305823,South,Epsom Hospital,5.16,Epsom Hospital,5.16,Kingston Hospital,5.56,St. Georges Hospital,11.27
KT99BG,51.367473,-0.305663,South,Epsom Hospital,5.16,Epsom Hospital,5.16,Kingston Hospital,5.55,St. Georges Hospital,11.26
KT99BH,51.367413,-0.305823,South,Epsom Hospital,5.16,Epsom Hospital,5.16,Kingston Hospital,5.56,St. Georges Hospital,11.27
KT99BJ,51.367413,-0.305823,South,Epsom Hospital,5.16,Epsom Hospital,5.16,Kingston Hospital,5.56,St. Georges Hospital,11.27
KT99BL,51.367413,-0.305823,South,Epsom Hospital,5.16,Epsom Hospital,5.16,Kingston Hospital,5.56,St. Georges Hospital,11.27
KT99BN,51.367413,-0.305823,South,Epsom Hospital,5.16,Epsom Hospital,5.16,Kingston Hospital,5.56,St. Georges Hospital,11.27
KT99BP,51.367473,-0.305663,South,Epsom Hospital,5.16,Epsom Hospital,5.16,Kingston Hospital,5.55,St. Georges Hospital,11.26
KT99BQ,51.367413,-0.305823,South,Epsom Hospital,5.16,Epsom Hospital,5.16,Kingston Hospital,5.56,St. Georges Hospital,11.27
KT99BR,51.367413,-0.305823,South,Epsom Hospital,5.16,Epsom Hospital,5.16,Kingston Hospital,5.56,St. Georges Hospital,11.27
KT99BS,51.367413,-0.305823,South,Epsom Hospital,5.16,Epsom Hospital,5.16,Kingston Hospital,5.56,St. Georges Hospital,11.27
KT99BT,51.367473,-0.305663,South,Epsom Hospital,5.16,Epsom Hospital,5.16,Kingston Hospital,5.55,St. Georges Hospital,11.26
KT99BU,51.367413,-0.305823,South,Epsom Hospital,5.16,Epsom Hospital,5.16,Kingston Hospital,5.56,St. Georges Hospital,11.27
KT99BW,51.367473,-0.305663,South,Epsom Hospital,5.16,Epsom Hospital,5.16,Kingston Hospital,5.55,St. Georges Hospital,11.26
KT99BX,51.367413,-0.305823,South,Epsom Hospital,5.16,Epsom Hospital,5.16,Kingston Hospital,5.56,St. Georges Hospital,11.27
KT99BY,51.367473,-0.305663,South,Epsom Hospital,5.16,Epsom Hospital,5.16,Kingston Hospital,5.55,St. Georges Hospital,11.26
KT99BZ,51.367473,-0.305663,South,Epsom Hospital,5.16,Epsom Hospital,5.16,Kingston Hospital,5.55,St. Georges Hospital,11.26
KT99DA,51.367473,-0.305663,South,Epsom Hospital,5.16,Epsom Hospital,5.16,Kingston Hospital,5.55,St. Georges Hospital,11.26
KT99DB,51.367473,-0.305663,South,Epsom Hospital,5.16,Epsom Hospital,5.16,Kingston Hospital,5.55,St. Georges Hospital,11.26
KT99DD,51.367413,-0.305823,South,Epsom Hospital,5.16,Epsom Hospital,5.16,Kingston Hospital,5.56,St. Georges Hospital,11.27
KT99DE,51.367413,-0.305823,South,Epsom Hospital,5.16,Epsom Hospital,5.16,Kingston Hospital,5.56,St. Georges Hospital,11.27
KT99DF,51.367473,-0.305663,South,Epsom Hospital,5.16,Epsom Hospital,5.16,Kingston Hospital,5.55,St. Georges Hospital,11.26
KT99DG,51.367413,-0.305823,South,Epsom Hospital,5.16,Epsom Hospital,5.16,Kingston Hospital,5.56,St. Georges Hospital,11.27
KT99DH,51.367473,-0.305663,South,Epsom Hospital,5.16,Epsom Hospital,5.16,Kingston Hospital,5.55,St. Georges Hospital,11.26
KT99DJ,51.367413,-0.305823,South,Epsom Hospital,5.16,Epsom Hospital,5.16,Kingston Hospital,5.56,St. Georges Hospital,11.27
KT99DL,51.367473,-0.305663,South,Epsom Hospital,5.16,Epsom Hospital,5.16,Kingston Hospital,5.55,St. Georges Hospital,11.26
KT99DN,51.367473,-0.305663,South,Epsom Hospital,5.16,Epsom Hospital,5.16,Kingston Hospital,5.55,St. Georges Hospital,11.26
KT99DP,51.367473,-0.305663,South,Epsom Hospital,5.16,Epsom Hospital,5.16,Kingston Hospital,5.55,St. Georges Hospital,11.26
KT99DQ,51.367473,-0.305663,South,Epsom Hospital,5.16,Epsom Hospital,5.16,Kingston Hospital,5.55,St. Georges Hospital,11.26
KT99DR,51.367473,-0.305663,South,Epsom Hospital,5.16,Epsom Hospital,5.16,Kingston Hospital,5.55,St. Georges Hospital,11.26
KT99DS,51.367473,-0.305663,South,Epsom Hospital,5.16,Epsom Hospital,5.16,Kingston Hospital,5.55,St. Georges Hospital,11.26
KT99DT,51.367473,-0.305663,South,Epsom Hospital,5.16,Epsom Hospital,5.16,Kingston Hospital,5.55,St. Georges Hospital,11.26
KT99DU,51.367473,-0.305663,South,Epsom Hospital,5.16,Epsom Hospital,5.16,Kingston Hospital,5.55,St. Georges Hospital,11.26
KT99DW,51.367473,-0.305663,South,Epsom Hospital,5.16,Epsom Hospital,5.16,Kingston Hospital,5.55,St. Georges Hospital,11.26
KT99DX,51.367473,-0.305663,South,Epsom Hospital,5.16,Epsom Hospital,5.16,Kingston Hospital,5.55,St. Georges Hospital,11.26
KT99DY,51.367473,-0.305663,South,Epsom Hospital,5.16,Epsom Hospital,5.16,Kingston Hospital,5.55,St. Georges Hospital,11.26
KT99DZ,51.367473,-0.305663,South,Epsom Hospital,5.16,Epsom Hospital,5.16,Kingston Hospital,5.55,St. Georges Hospital,11.26
KT99EA,51.367473,-0.305663,South,Epsom Hospital,5.16,Epsom Hospital,5.16,Kingston Hospital,5.55,St. Georges Hospital,11.26
KT99EB,51.367473,-0.305663,South,Epsom Hospital,5.16,Epsom Hospital,5.16,Kingston Hospital,5.55,St. Georges Hospital,11.26
KT99ED,51.367473,-0.305663,South,Epsom Hospital,5.16,Epsom Hospital,5.16,Kingston Hospital,5.55,St. Georges Hospital,11.26
KT99EE,51.367473,-0.305663,South,Epsom Hospital,5.16,Epsom Hospital,5.16,Kingston Hospital,5.55,St. Georges Hospital,11.26
KT99EF,51.367473,-0.305663,South,Epsom Hospital,5.16,Epsom Hospital,5.16,Kingston Hospital,5.55,St. Georges Hospital,11.26
KT99EG,51.367473,-0.305663,South,Epsom Hospital,5.16,Epsom Hospital,5.16,Kingston Hospital,5.55,St. Georges Hospital,11.26
KT99EH,51.367473,-0.305663,South,Epsom Hospital,5.16,Epsom Hospital,5.16,Kingston Hospital,5.55,St. Georges Hospital,11.26
KT99EJ,51.367473,-0.305663,South,Epsom Hospital,5.16,Epsom Hospital,5.16,Kingston Hospital,5.55,St. Georges Hospital,11.26
SM27AB,51.344195,-0.217439,South,Epsom Hospital,4.34,Epsom Hospital,4.34,St Heliers Hospital,4.7,St. Georges Hospital,9.7
SM27DH,51.339056,-0.207717,South,Epsom Hospital,4.74,Epsom Hospital,4.74,St Heliers Hospital,4.93,St. Georges Hospital,10.07
SM27DJ,51.336847,-0.212598,South,Epsom Hospital,4.34,Epsom Hospital,4.34,St Heliers Hospital,5.28,St. Georges Hospital,10.39
SM27DP,51.338159,-0.207881,South,Epsom Hospital,4.7,Epsom Hospital,4.7,St Heliers Hospital,5.02,St. Georges Hospital,10.17
SM27DZ,51.341003,-0.208632,South,Epsom Hospital,4.75,Epsom Hospital,4.75,St Heliers Hospital,4.75,St. Georges Hospital,9.88
SM27EB,51.342179,-0.210826,South,Epsom Hospital,4.66,Epsom Hospital,4.66,St Heliers Hospital,4.69,St. Georges Hospital,9.79
SM27EG,51.341639,-0.211364,South,Epsom Hospital,4.6,Epsom Hospital,4.6,St Heliers Hospital,4.76,St. Georges Hospital,9.86
SM27EH,51.339832,-0.207859,South,Epsom Hospital,4.76,Epsom Hospital,4.76,St Heliers Hospital,4.85,St. Georges Hospital,9.99
SM27EQ,51.34025,-0.208173,South,Epsom Hospital,4.75,Epsom Hospital,4.75,St Heliers Hospital,4.81,St. Georges Hospital,9.95
SM27ER,51.342021,-0.212856,South,Epsom Hospital,4.52,Epsom Hospital,4.52,St Heliers Hospital,4.76,St. Georges Hospital,9.84
SM27ES,51.341281,-0.213259,South,Epsom Hospital,4.46,Epsom Hospital,4.46,St Heliers Hospital,4.85,St. Georges Hospital,9.93
SM27ET,51.339769,-0.211408,South,Epsom Hospital,4.52,Epsom Hospital,4.52,St Heliers Hospital,4.95,St. Georges Hospital,10.06
SM27EU,51.338208,-0.211655,South,Epsom Hospital,4.45,Epsom Hospital,4.45,St Heliers Hospital,5.11,St. Georges Hospital,10.23
SM27EZ,51.339693,-0.214684,South,Epsom Hospital,4.31,Epsom Hospital,4.31,St Heliers Hospital,5.05,St. Georges Hospital,10.13
SM27HA,51.34029,-0.214302,South,Epsom Hospital,4.35,Epsom Hospital,4.35,St Heliers Hospital,4.98,St. Georges Hospital,10.06
SM27HB,51.338964,-0.214023,South,Epsom Hospital,4.32,Epsom Hospital,4.32,St Heliers Hospital,5.1,St. Georges Hospital,10.19
SM27HT,51.346388,-0.217325,South,Epsom Hospital,4.46,Epsom Hospital,4.46,St Heliers Hospital,4.49,St. Georges Hospital,9.47
SM27HX,51.344656,-0.216961,South,Epsom Hospital,4.39,Epsom Hospital,4.39,St Heliers Hospital,4.64,St. Georges Hospital,9.64
SM27HY,51.34327,-0.215148,South,Epsom Hospital,4.43,Epsom Hospital,4.43,St Heliers Hospital,4.71,St. Georges Hospital,9.75
SM27HZ,51.343188,-0.216846,South,Epsom Hospital,4.32,Epsom Hospital,4.32,St Heliers Hospital,4.77,St. Georges Hospital,9.8
SM27JA,51.341903,-0.21869,South,Epsom Hospital,4.15,Epsom Hospital,4.15,St Heliers Hospital,4.96,St. Georges Hospital,9.97
SM27JB,51.33978,-0.223927,South,Epsom Hospital,3.72,Epsom Hospital,3.72,St Heliers Hospital,5.35,St. Georges Hospital,10.31
SM27JD,51.337291,-0.225875,South,Epsom Hospital,3.48,Epsom Hospital,3.48,St Heliers Hospital,5.66,St. Georges Hospital,10.62
SM27JE,51.337314,-0.226808,South,Epsom Hospital,3.43,Epsom Hospital,3.43,St Heliers Hospital,5.69,St. Georges Hospital,10.64
SM27QY,51.338239,-0.225537,South,Epsom Hospital,3.55,Epsom Hospital,3.55,St Heliers Hospital,5.56,St. Georges Hospital,10.51
SM71PF,51.33101,-0.219687,South,Epsom Hospital,3.72,Epsom Hospital,3.72,St Heliers Hospital,6.07,St. Georges Hospital,11.15
SM71PL,51.330191,-0.218455,South,Epsom Hospital,3.79,Epsom Hospital,3.79,St Heliers Hospital,6.12,St. Georges Hospital,11.22
SM71PQ,51.334242,-0.224672,South,Epsom Hospital,3.46,Epsom Hospital,3.46,St Heliers Hospital,5.91,St. Georges Hospital,10.91
SM71PS,51.335061,-0.227038,South,Epsom Hospital,3.33,Epsom Hospital,3.33,St Heliers Hospital,5.91,St. Georges Hospital,10.88
SM71PW,51.332676,-0.22334,South,Epsom Hospital,3.5,Epsom Hospital,3.5,St Heliers Hospital,6.02,St. Georges Hospital,11.05
SM71QE,51.332086,-0.21653,South,Epsom Hospital,3.96,Epsom Hospital,3.96,St Heliers Hospital,5.87,St. Georges Hospital,10.98
SM71QG,51.3352,-0.2232,South,Epsom Hospital,3.58,Epsom Hospital,3.58,St Heliers Hospital,5.77,St. Georges Hospital,10.78
SM71QH,51.336297,-0.224952,South,Epsom Hospital,3.51,Epsom Hospital,3.51,St Heliers Hospital,5.72,St. Georges Hospital,10.7
SM71QL,51.337297,-0.221539,South,Epsom Hospital,3.77,Epsom Hospital,3.77,St Heliers Hospital,5.51,St. Georges Hospital,10.52
SM71QN,51.337275,-0.221267,South,Epsom Hospital,3.78,Epsom Hospital,3.78,St Heliers Hospital,5.5,St. Georges Hospital,10.52
SM71QR,51.336166,-0.21986,South,Epsom Hospital,3.84,Epsom Hospital,3.84,St Heliers Hospital,5.56,St. Georges Hospital,10.61
SM71QT,51.335833,-0.221036,South,Epsom Hospital,3.75,Epsom Hospital,3.75,St Heliers Hospital,5.63,St. Georges Hospital,10.66
SM71QW,51.336087,-0.218844,South,Epsom Hospital,3.9,Epsom Hospital,3.9,St Heliers Hospital,5.54,St. Georges Hospital,10.59
SM71QX,51.335519,-0.220474,South,Epsom Hospital,3.78,Epsom Hospital,3.78,St Heliers Hospital,5.64,St. Georges Hospital,10.69
SM71QZ,51.334902,-0.220728,South,Epsom Hospital,3.74,Epsom Hospital,3.74,St Heliers Hospital,5.71,St. Georges Hospital,10.76
SM71RB,51.332565,-0.216052,South,Epsom Hospital,4.0,Epsom Hospital,4.0,St Heliers Hospital,5.81,St. Georges Hospital,10.92
SM71RD,51.331714,-0.214492,South,Epsom Hospital,4.09,Epsom Hospital,4.09,St Heliers Hospital,5.86,St. Georges Hospital,10.98
SM71RE,51.332502,-0.213743,South,Epsom Hospital,4.15,Epsom Hospital,4.15,St Heliers Hospital,5.76,St. Georges Hospital,10.88
SM71RF,51.333739,-0.212848,South,Epsom Hospital,4.24,Epsom Hospital,4.24,St Heliers Hospital,5.61,St. Georges Hospital,10.73
