Hospital Name,Level,Sector,Specialty Tags,Postcode,Latitude,Longitude,Side,include_lookup,include_analysis,Phone,Aliases
UCH (University College),3,NC,Neuro,NW1 2BU,51.5248,-0.1352,North,1,1,020 3456 7890,UCLH;UCH
The Royal London,3,NE,Surg,E1 1BB,51.5185,-0.0594,North,1,1,020 7377 7000,Royal London
Homerton University,3,NE,Regional NICU,E9 6SR,51.5508,-0.0462,North,1,1,020 8510 5555,Homerton
Chelsea & Westminster,3,NW,"Surg, ENT",SW10 9NH,51.4849,-0.1824,North,1,1,020 3315 8000,Chelsea & Westminster
Queen Charlottes',3,NW,Neuro,W12 0HS,51.517,-0.23632,North,1,1,020 3313 1111,Queen Charlotte's
Evelina (St Thomas'),3,South East,"Surg, Cardiac, ENT, Neuro",SE1 7EH,51.5003,-0.1189,South,1,1,020 7188 7188,GSTT
St. Georges Hospital,3,South West,"Surg, Neuro Surg, ENT",SW17 0QT,51.4273,-0.1748,South,1,1,020 8672 1255,St. George's
Kings College Hospital,3,South East,"Surg, Neuro Surg",SE5 9RS,51.4683,-0.0919,South,1,1,020 3299 9000,King's
St Peters Hospital,3,KSS,Regional NICU,KT16 0PZ,51.3773,-0.526,Both,1,0,01932 872000,
Barnet Hospital,2,NC,LNU,EN5 3DJ,51.6507,-0.2152,North,1,1,020 8216 4600,Barnet
Whittington Hospital,2,NC,LNU,N19 5NF,51.5665,-0.1403,North,1,1,020 7272 3070,Whittingdon;Whittindon;Whittington
Newham General,2,NE,LNU,E13 8SL,51.5223,0.035,North,1,1,020 7476 4000,Newham
Whipps Cross,2,NE,LNU,E11 1NR,51.5785,0.002,North,1,1,020 8539 5522,Whipps Cross
Queens Hospital,2,NE,LNU,RM7 0AG,51.5694,0.1779,North,1,1,0330 400 4333,Queen's Romford
St Marys Hospital,2,NW,LNU,W2 1NY,51.5173,-0.1738,North,1,1,020 3312 6666,St. Mary's
Northwick Park,2,NW,LNU,HA1 3UJ,51.5767,-0.3222,North,1,1,020 8864 3232,Northwick Park
Hillingdon Hospital,2,NW,LNU,UB8 3NN,51.5259,-0.4597,North,1,1,01895 238 282,Hillingdon
St Heliers Hospital,2,South West,LNU,SM5 1AA,51.3806,-0.1831,South,1,1,020 8296 2000,St. Helier
Kingston Hospital,2,South West,LNU,KT2 7QB,51.415,-0.2813,South,1,1,020 8546 7711,Kingston
Croydon University,2,South West,LNU,CR7 7YE,51.3908,-0.1104,South,1,1,020 8401 3000,Croydon
University Lewisham,2,South East,LNU,SE13 6LH,51.4528,-0.0186,South,1,1,020 8333 3000,Lewisham
Queen Elizabeth Woolwich,2,South East,LNU,SE18 4QH,51.4788,0.0514,South,1,1,020 8836 6000,QEW
Princess Royal (PRUH),2,South East,LNU,BR6 8ND,51.3656,0.06,South,1,1,01689 863 000,PRUH
Watford General,2,EoE,LNU,WD18 0HB,51.6485,-0.4046,Both,1,0,01923 244 366,
East Surrey,2,KSS,LNU,RH1 5RH,51.2185,-0.162,Both,1,0,01737 768 511,
Wexham Park,2,TVW,LNU,SL2 4HL,51.532,-0.5878,Both,1,0,0300 614 5000,
Royal Free Hospital,1,NC,SCBU,NW3 2QG,51.5532,-0.1654,North,1,1,020 7794 0500,Royal Free
North Middlesex,2,NC,SCBU,N18 1QX,51.6133,-0.073,North,1,1,020 8887 2000,North Middlesex
West Middlesex,2,NW,LNU,TW7 6AF,51.4733,-0.3249,North,1,1,020 8560 2121,West Middlesex
Darent Valley,1,KSS,SCBU,DA2 8DA,51.4353,0.2586,South,1,0,01322 428 100,
Epsom Hospital,1,South West,SCBU,KT18 7EG,51.3259,-0.2726,South,1,0,01372 735 735,Epsom
